canonical_name,lat,lng,elevation_ft
San Diego city,32.81498,-117.13556,420.4
Los Angeles city,34.01939,-118.41083,82.2
Colorado Springs city,38.86726,-104.76075,6337.6
Houston city,29.78574,-95.38881,52.1
Park City city,40.65733,-111.49376,7153.9
Chicago city,41.83705,-87.68494,593.6
Seattle city,47.61933,-122.35154,144.1
Miami city,25.77516,-80.20861,6.4
San Jose city,37.29601,-121.81455,163.0
Denver city,39.76185,-104.88111,5292.2
Las Vegas,36.1699,-115.1398,2006.1
St. Louis city,38.6357,-90.24458,466.7
Portland city,45.53695,-122.64997,161.1
Phoenix city,33.57215,-112.09013,1242.1
New York city,40.66271,-73.93868,54.5
San Antonio city,29.46281,-98.52464,721.5
Long Beach city,33.78079,-118.16818,33.7
Honolulu,21.3099,-157.8581,27.3
Salt Lake City city,40.77693,-111.93099,4223.2
Sacramento city,38.56769,-121.46816,26.5
Steamboat Springs city,40.47558,-106.82292,6851.1
Atlanta city,33.76291,-84.42267,956.0
Charlotte city,35.20905,-80.83099,674.4
Philadelphia city,40.00938,-75.13335,100.6
Orlando city,28.40865,-81.25481,79.6
Minneapolis city,44.96332,-93.26832,866.0
St. Paul city,44.9489,-93.10406,842.5
Indianapolis city (balance),39.77666,-86.14593,718.8
Boston city,42.33855,-71.01825,5.0
Bethesda CDP,38.98729,-77.11861,352.5
Cincinnati city,39.14018,-84.50583,761.0
Huntington Beach city,33.69801,-118.00383,53.1
Ann Arbor city,42.27615,-83.73086,889.0
Duluth city,46.77446,-92.13414,972.5
Raleigh city,35.83187,-78.64104,310.3
Dallas city,32.79333,-96.76651,482.7
Anchorage municipality,61.17425,-149.28433,3993.2
San Francisco city,37.72724,-123.03223,-45.1
Boulder city,40.02443,-105.25125,5269.5
Littleton city,39.59038,-105.02008,5427.8
Tampa city,27.96626,-82.47762,19.6
Newport Beach city,33.59733,-117.89035,14.7
Bemidji city,47.48703,-94.88269,1373.3
New York City (Brooklyn),40.6782,-73.9442,58.9
Cleveland city,41.47846,-81.67943,631.0
Madison city,43.08781,-89.42986,924.1
Baltimore city,39.30003,-76.61048,39.5
Tucson city,32.15304,-110.87077,2697.8
Walnut Creek city,37.90267,-122.04048,201.5
Marietta city,33.95356,-84.54246,1101.7
Buffalo city,42.89249,-78.85969,611.4
Columbus city,39.98394,-82.98488,806.3
The Woodlands,30.1658,-95.4613,140.4
Scottsdale city,33.68427,-111.86145,2339.0
Mammoth Lakes town,37.62443,-118.98843,8252.2
Fort Lauderdale city,26.14123,-80.14673,5.8
Rochester city,43.16993,-77.61689,492.6
Pittsburgh city,40.43994,-79.97568,969.3
Austin city,30.29862,-97.75413,610.3
Plano city,33.05077,-96.74794,711.7
Fairbanks city,64.83653,-147.65175,446.7
Gilbert town,33.31034,-111.74312,1278.9
Fullerton city,33.88572,-117.92803,273.8
Manhattan Beach city,33.90087,-118.42072,19.0
Santa Barbara city,34.40359,-119.71371,318.1
Simi Valley city,34.26689,-118.74846,877.6
Aspen city,39.19515,-106.83681,7925.9
Vail town,39.63778,-106.36246,8242.0
Rockville city,39.08367,-77.15559,453.4
New York City (Queens),40.7282,-73.7949,59.6
Tacoma city,47.2522,-122.45983,383.2
Eau Claire city,44.81834,-91.49477,873.7
Palo Alto city,37.39652,-122.14309,156.4
Rancho Cucamonga city,34.13031,-117.56607,1417.9
Naperville city,41.74917,-88.16202,700.0
Louisville city,38.22473,-85.74061,476.4
Plymouth city,45.02231,-93.46288,957.2
Omaha city,41.2627,-96.05348,1163.5
Lake Placid village,44.28417,-73.98643,1969.0
Southlake city,32.95449,-97.14887,637.9
Alexandria city,38.81925,-77.08367,164.4
Virginia Beach city,36.77952,-76.02914,12.8
Mesa city,33.40063,-111.71649,1328.0
Bakersfield city,35.35317,-119.03792,383.1
Carlsbad city,33.12928,-117.28418,311.9
Fremont city,37.49446,-121.94115,24.5
Irvine city,33.6784,-117.77125,142.2
San Clemente city,33.44914,-117.61312,222.1
Santa Clara city,37.36462,-121.96797,52.8
Santa Monica city,34.01091,-118.49824,9.5
Truckee town,39.35055,-120.19394,6653.8
New Canaan CDP,41.1417,-73.49014,297.0
Carmel city,39.96548,-86.14837,843.4
Fort Wayne city,41.08913,-85.1439,759.2
Fargo city,46.8647,-96.82908,901.2
Reno city,39.5491,-119.84991,4930.3
Beaverton city,45.47783,-122.8169,234.4
Bend city,44.05668,-121.30799,3637.0
Nashville-Davidson metropolitan government (balance),36.1718,-86.785,426.7
Coppell city,32.96331,-96.99056,512.8
Milwaukee city,43.06335,-87.9667,710.0
Portage city,43.54895,-89.46587,811.9
Oakland city,37.76985,-122.22569,16.8
Redondo Beach city,33.84954,-118.40076,10.5
Santa Cruz city,36.97438,-122.03527,82.7
Torrance city,33.83045,-118.35662,85.7
Boca Raton city,26.37269,-80.10371,14.7
Jacksonville city,30.33686,-81.6616,4.0
Wellington village,26.64899,-80.26721,15.5
Boise City city,43.60023,-116.23166,2739.4
Andover CDP,42.65567,-71.14224,135.5
Midland city,43.6248,-84.23198,626.9
Morristown town,40.79656,-74.47732,328.8
Toledo city,41.66407,-83.58186,609.2
Malvern borough,40.03315,-75.51536,555.2
Fort Worth city,32.78195,-97.34857,551.7
Spring CDP,30.06217,-95.38397,106.9
McLean CDP,38.94355,-77.19291,312.7
Richmond city,37.5314,-77.47601,73.3
Vienna town,38.89858,-77.25832,390.1
Birmingham city,33.52717,-86.79704,599.8
Glendale city,33.53311,-112.1899,1142.5
Chino Hills city,33.94297,-117.72565,1092.4
Diamond Bar city,34.00157,-117.8176,990.7
Fresno city,36.78268,-119.79336,311.1
Hayward city,37.62683,-122.10402,23.6
Moorpark city,34.28594,-118.87704,523.7
Riverside city,33.93814,-117.39317,891.3
Seal Beach city,33.7544,-118.07132,8.2
Temecula city,33.49307,-117.13173,1166.0
Tustin city,33.73092,-117.8106,96.0
Durango city,37.26539,-107.87818,6527.3
Fort Collins city,40.54822,-105.06483,4992.8
Winter Park town,39.87847,-105.78284,10127.4
Gainesville city,29.67954,-82.34679,168.5
Hialeah city,25.86994,-80.30286,6.7
Ocala city,29.17751,-82.15103,71.3
Pembroke Pines city,26.01472,-80.34017,0.9
Champaign city,40.1141,-88.27462,773.2
Wichita city,37.69064,-97.34584,1296.0
Eden Prairie city,44.8496,-93.45872,873.3
Bozeman city,45.68315,-111.05378,4801.0
Durham city,35.97806,-78.8995,382.8
Grand Forks city,47.9196,-97.08733,832.9
New York City,40.7128,-74.006,43.1
Pittsford village,43.09049,-77.51657,500.8
Spokane city,47.66694,-117.43332,1905.6
Tempe city,33.38841,-111.93178,1176.1
Anaheim city,33.8555,-117.75866,614.7
Clovis city,36.82897,-119.68492,370.5
Costa Mesa city,33.66591,-117.91234,71.8
Encinitas city,33.05063,-117.26362,241.8
Fallbrook CDP,33.37423,-117.22038,727.9
Folsom city,38.6666,-121.14163,324.3
Fountain Valley city,33.71058,-117.95113,33.8
Lakeside CDP,35.23467,-119.08286,330.3
Menlo Park city,37.47973,-122.14805,9.9
Mission Viejo city,33.60934,-117.65647,606.1
Murrieta city,33.57213,-117.19044,1221.4
Orange city,33.78697,-117.86127,171.1
Pasadena city,34.1606,-118.13795,921.2
Santa Clarita city,34.4165,-118.50069,1306.7
Thousand Oaks city,34.19329,-118.87423,782.0
Aurora city,39.70363,-104.72009,5585.2
Edwards CDP,39.61182,-106.6197,7947.9
Golden city,39.74248,-105.21056,5768.5
Greenwich CDP,41.02777,-73.62693,100.9
Wilmington city,39.73565,-75.5321,4.9
Clearwater city,27.97942,-82.77126,65.4
Sarasota city,27.33826,-82.54372,17.5
St. Petersburg city,27.76273,-82.64413,36.5
Winter Garden city,28.54122,-81.59124,98.0
Gainesville city,34.2901,-83.82911,1218.7
Sun Valley city,43.68385,-114.3342,6064.5
Baton Rouge city,30.44044,-91.13317,46.5
Potomac CDP,39.01333,-77.19358,307.7
Bethel CDP,44.4038,-70.78635,738.2
Grand Rapids city,42.96116,-85.65557,747.3
Eagan city,44.81522,-93.16282,820.2
Grand Rapids city,47.23852,-93.53257,1297.9
Lakeville city,44.67613,-93.25174,1091.0
Mankato city,44.17112,-93.97638,1004.9
Minnetonka city,44.93256,-93.4567,953.9
Greensboro city,36.09485,-79.82362,822.9
Ridgewood village,40.98159,-74.11351,99.8
Albuquerque city,35.10478,-106.64681,4962.9
Eugene city,44.05685,-123.11902,413.7
Hershey CDP,40.28001,-76.64433,399.8
Lancaster city,40.04206,-76.30099,380.8
Arlington city,32.70071,-97.12469,653.7
Little Cypress CDP,30.17808,-93.75529,17.7
Midland city,32.02464,-102.11347,2804.4
Arlington CDP,38.87834,-77.1007,265.5
Fairfax city,38.85318,-77.29903,376.5
Springfield CDP,38.78157,-77.18392,244.6
Winthrop town,48.47157,-120.17908,1753.8
Huntsville city,34.69772,-86.67667,640.1
Fayetteville city,36.07146,-94.16656,1375.3
Little Rock city,34.72539,-92.35856,278.7
Chandler city,33.28276,-111.85182,1207.1
Arcadia city,34.13269,-118.03635,444.1
Camarillo city,34.22182,-119.03215,157.9
Chula Vista city,32.62767,-117.01517,437.6
Dublin city,37.71614,-121.89623,360.4
Eastvale city,33.96327,-117.58237,619.5
Inglewood city,33.95607,-118.34427,135.3
Lafayette city,37.891,-122.11953,291.5
Laguna Beach city,33.54337,-117.7618,513.7
Los Gatos town,37.22991,-121.95681,362.7
Milpitas city,37.43314,-121.89092,33.6
Oceanside city,33.2246,-117.30629,260.3
Rancho Palos Verdes city,33.73852,-118.36969,110.9
Rocklin city,38.80687,-121.2497,378.8
South Pasadena city,34.10896,-118.15662,627.9
Stockton city,37.97724,-121.30886,11.2
San Buenaventura (Ventura) city,34.26778,-119.25421,100.3
Woodside town,37.42215,-122.25859,457.4
Breckenridge town,39.49946,-106.04324,9592.3
Crested Butte town,38.86779,-106.97726,8864.7
Evergreen CDP,39.63561,-105.33809,7227.4
Frisco town,39.57848,-106.09097,9023.6
Highlands Ranch CDP,39.54083,-104.97108,5834.1
Parker town,39.50595,-104.77583,5846.6
Madison Center CDP,41.28022,-72.60227,25.7
Boynton Beach city,26.52833,-80.08072,12.4
Coral Springs city,26.27072,-80.2593,8.1
Naples city,26.15048,-81.7953,6.8
Alpharetta city,34.07087,-84.27265,1066.1
Deerfield village,42.16607,-87.85247,667.2
Libertyville village,42.28467,-87.9665,706.0
Northbrook village,42.12875,-87.83516,653.6
Greenwood city,39.60299,-86.1085,804.2
Noblesville city,40.0353,-86.00016,768.8
Kansas City city,39.12254,-94.74178,980.9
West Concord CDP,42.45186,-71.40318,141.6
Mapleton city,43.92714,-93.95528,1038.0
Stillwater city,45.05861,-92.83041,863.0
Woodbury city,44.90628,-92.9237,983.3
Gulfport city,30.41949,-89.06902,12.1
Missoula city,46.87436,-114.02614,3168.3
Chapel Hill town,35.92833,-79.04138,325.2
Henderson city,36.00896,-115.0268,2604.9
Dix Hills CDP,40.80332,-73.33746,183.7
Dayton city,39.78474,-84.19963,750.8
Edmond city,35.67381,-97.41308,1079.9
Tulsa city,36.12795,-95.90232,725.5
Erie city,42.11659,-80.0735,710.8
Murrysville municipality,40.44286,-79.65831,1135.3
Charleston city,32.82802,-79.9729,4.8
Columbia city,34.04052,-80.9061,323.5
Greenville city,34.8369,-82.363,963.5
Knoxville city,35.97068,-83.94927,885.8
Laredo city,27.56038,-99.48918,483.3
Mesquite city,32.75955,-96.58416,499.7
Sugar Land city,29.59276,-95.6338,68.3
Orem city,40.29807,-111.69944,4766.2
Annandale CDP,38.8328,-77.19623,352.8
Ashburn CDP,39.0273,-77.47132,246.0
Burke CDP,38.77772,-77.26259,344.4
Haymarket town,38.81217,-77.63633,366.2
Federal Way city,47.3116,-122.33776,394.7
Gig Harbor city,47.33838,-122.60075,294.2
Lynnwood city,47.82898,-122.30067,417.6
Redmond city,47.67792,-122.11534,159.0
Renton city,47.47919,-122.19461,73.5
Richland city,46.28409,-119.29405,405.0
Brookfield city,43.06432,-88.11779,832.6
McFarland village,43.01922,-89.28342,893.9
Poynette village,43.39216,-89.40479,846.2
Prairie du Chien city,43.04334,-91.13733,640.9
Juneau city and borough,58.37291,-134.17845,668.5
Mobile city,30.66843,-88.10023,34.6
Flagstaff city,35.18521,-111.6207,6833.8
Agoura Hills city,34.14894,-118.76393,959.5
Altadena CDP,34.19221,-118.13559,1399.5
Atherton town,37.45707,-122.20106,65.6
Carson city,33.84037,-118.24957,21.5
Clayton city,37.94032,-121.93008,446.5
Concord city,37.97218,-122.00159,159.8
Corona city,33.86197,-117.56549,835.0
Covina city,34.09047,-117.88214,582.2
Cypress city,33.81848,-118.03831,37.8
Davis city,38.55615,-121.73779,40.2
Fontana city,34.10969,-117.46289,1309.6
Ladera Ranch CDP,33.54915,-117.64174,515.8
Malibu city,34.02586,-118.75964,22.9
Merced city,37.30571,-120.47791,171.3
Moraga town,37.84569,-122.12322,653.0
Morgan Hill city,37.13249,-121.64189,359.6
Pacifica city,37.6066,-122.47723,498.8
Richmond city,37.95228,-122.36061,33.2
Roseville city,38.7703,-121.31963,145.3
San Gabriel city,34.09464,-118.09847,402.6
San Ramon city,37.76526,-121.93199,681.9
Saratoga city,37.26833,-122.02622,432.5
Sunnyvale city,37.3858,-122.02632,57.2
Tulare city,36.19937,-119.34192,270.5
Union City city,37.60276,-122.01884,92.3
Vista city,33.18968,-117.23858,436.6
West Covina city,34.05594,-117.90994,455.2
Westminster city,33.75229,-117.99387,34.6
Arvada city,39.83373,-105.15031,5506.8
Centennial city,39.59086,-104.86381,5739.7
Eagle town,39.64322,-106.82134,6657.1
Lakewood city,39.69894,-105.11757,5656.8
Longmont city,40.16985,-105.10184,4985.0
Silverthorne town,39.65991,-106.08911,8793.4
Telluride town,37.94023,-107.81815,8751.5
Darien Downtown CDP,41.07674,-73.46967,49.7
Fairfield University CDP,41.15895,-73.25706,95.6
Ridgefield CDP,41.26969,-73.49261,707.9
Newark city,39.67765,-75.75748,124.5
Bradenton city,27.4898,-82.5768,17.1
Davie town,26.07917,-80.28301,6.7
Jupiter town,26.91855,-80.11694,9.9
Kissimmee city,28.30278,-81.41783,70.1
Lakeland city,28.0555,-81.95477,202.2
Tallahassee city,30.45353,-84.25227,150.9
Weston city,26.10039,-80.40206,5.9
Winter Park city,28.59663,-81.34575,86.2
Athens-Clarke County unified government (balance),33.9496,-83.37009,645.2
Douglasville city,33.73678,-84.70107,1023.5
Lawrenceville city,33.95287,-83.99223,1071.7
Moultrie city,31.17943,-83.79079,310.2
Woodstock city,34.10314,-84.513,955.4
Kailua CDP,19.64558,-155.99775,84.8
Laie CDP,21.64554,-157.92285,7.1
Ketchum city,43.68772,-114.38007,5849.6
Aurora city,41.76346,-88.2901,719.1
Carpentersville village,42.12274,-88.2939,740.1
Crystal Lake city,42.23321,-88.33436,900.5
Glen Ellyn village,41.86671,-88.06271,782.2
Glenview village,42.08516,-87.82739,636.0
Oak Park village,41.88716,-87.78994,634.9
Wheaton city,41.85683,-88.10813,741.4
Winnetka village,42.10621,-87.74276,640.2
Evansville city,37.98774,-87.53471,398.2
Fishers city,39.96183,-85.96836,816.2
Lafayette city,40.39941,-86.86281,661.5
Lawrenceburg city,39.10739,-84.87577,699.4
Lexington-Fayette urban county,38.04068,-84.45827,1059.2
New Orleans city,30.05342,-89.9345,-4.8
Hingham CDP,42.23314,-70.88953,51.9
Medfield CDP,42.18701,-71.30041,182.6
Norwood CDP,42.18736,-71.19597,77.0
Ellicott City CDP,39.27669,-76.83395,382.8
Frederick city,39.43409,-77.41454,340.2
Laurel city,39.09508,-76.86124,213.5
Waldorf CDP,38.60917,-76.91978,211.2
Detroit city,42.38304,-83.10224,638.6
Lansing city,42.71434,-84.56089,854.7
Muskegon city,43.22654,-86.25725,600.6
Plymouth city,42.37125,-83.46762,723.2
Blaine city,45.17052,-93.20609,908.1
Edina city,44.89112,-93.35975,954.2
Elk River city,45.33221,-93.56653,1006.8
Roseville city,45.01562,-93.15381,907.4
St. Paul city,44.9489,-93.10406,842.5
Shoreview city,45.08299,-93.14049,900.0
Warroad city,48.9171,-95.32798,1072.6
White Bear Lake city,45.06521,-93.01287,943.3
Kansas City city,39.12236,-94.55512,741.9
O'Fallon city,38.78467,-90.72074,622.2
St. Charles city,38.7957,-90.51536,553.7
Butte-Silver Bow (balance),45.89623,-112.66007,5814.7
Whitefish city,48.43799,-114.34803,3034.3
Cary town,35.7813,-78.82344,379.5
Fayetteville city,35.08277,-78.97352,220.3
Huntersville town,35.40681,-80.86868,730.7
Bismarck city,46.81458,-100.77009,1753.0
Devils Lake city,48.11258,-98.87476,1437.8
Norfolk city,42.02822,-97.42781,1533.1
Nashua city,42.74907,-71.49054,190.0
Cherry Hill Mall CDP,39.93821,-75.01236,41.8
Newark city,40.72422,-74.17257,12.5
Plainfield city,40.61544,-74.41577,100.2
Short Hills CDP,40.73916,-74.32744,386.2
Toms River CDP,39.99486,-74.18775,56.4
Albany city,42.66575,-73.79835,223.7
Briarcliff Manor village,41.14033,-73.8475,449.4
New York City (Bronx),40.8448,-73.8648,46.2
Fairport village,43.09947,-77.44307,486.8
Levittown CDP,40.72399,-73.51271,84.6
Rye city,40.94474,-73.68637,8.2
Syracuse city,43.041,-76.14355,403.0
Akron city,41.08046,-81.52143,961.2
Powell city,40.16769,-83.08155,930.4
Shaker Heights city,41.47609,-81.5492,1024.3
Solon city,41.38599,-81.44084,1033.1
Oklahoma City city,35.46708,-97.51366,1196.1
Gresham city,45.50232,-122.44161,386.4
Broomall CDP,39.96882,-75.35413,330.6
Doylestown borough,40.3142,-75.1277,454.5
Mount Joy borough,40.11061,-76.50572,387.9
Perkasie borough,40.37174,-75.29277,368.0
Spring City borough,40.1769,-75.54647,144.9
Yardley borough,40.24029,-74.83893,87.0
Gallatin city,36.38152,-86.46702,542.5
Colleyville city,32.89148,-97.14975,630.1
El Paso city,31.84778,-106.43111,3891.2
Grand Prairie city,32.68611,-97.0208,527.7
Keller city,32.93288,-97.22451,650.7
McKinney city,33.20112,-96.66416,570.5
New Braunfels city,29.69931,-98.11513,619.4
Pasadena city,29.655,-95.15105,26.3
The Colony city,33.0896,-96.90337,522.1
Bountiful city,40.87248,-111.8612,4831.0
Herriman city,40.49173,-112.02034,4984.9
Provo city,40.24531,-111.64506,4605.9
Chantilly CDP,38.88918,-77.44209,294.5
Chesapeake city,36.67938,-76.30179,13.9
Fredericksburg city,38.29927,-77.48666,113.9
Hampton city,37.04796,-76.29729,1.8
Norfolk city,36.92301,-76.24464,13.7
Oakton CDP,38.88944,-77.30223,388.2
Norwich CDP,43.71802,-72.30566,593.2
Auburn city,47.30377,-122.21,99.6
Bellingham city,48.75344,-122.47018,63.7
Vancouver city,45.63716,-122.59657,185.1
Yakima city,46.59094,-120.5494,1171.6
Appleton city,44.27887,-88.38828,762.6
Delafield city,43.06742,-88.38883,903.9
West Bend city,43.41749,-88.18169,904.0
Palmer city,61.59717,-149.11468,235.8
Dothan city,31.2337,-85.40682,331.1
Morris town,33.74622,-86.80075,431.3
Tuscaloosa city,33.2344,-87.5283,263.0
Avondale city,33.31324,-112.32893,2456.6
Litchfield Park city,33.50176,-112.35947,1052.2
Alameda city,37.74191,-122.25991,14.0
Alamo CDP,37.85477,-122.01356,338.2
Apple Valley town,34.53338,-117.21036,2917.4
Campbell city,37.28024,-121.9533,210.7
Carnelian Bay CDP,39.23517,-120.07821,6402.2
Cerritos city,33.86774,-118.06947,53.3
Claremont city,34.12492,-117.71392,1467.3
Coronado city,32.65763,-117.15654,6.0
Danville town,37.81214,-121.96982,455.7
Dixon city,38.44751,-121.82422,63.2
El Monte city,34.07463,-118.02914,295.0
Elk Grove city,38.41462,-121.38496,43.3
Glendora city,34.14496,-117.8478,930.5
Hawaiian Gardens city,33.83048,-118.07345,34.5
Hermosa Beach city,33.86982,-118.4053,18.7
Highland city,34.11347,-117.16573,1404.5
Isla Vista CDP,34.41218,-119.86066,45.7
La Mirada city,33.90205,-118.00896,136.0
Lemoore city,36.29436,-119.79825,205.1
Loomis town,38.80937,-121.19547,358.3
Los Alamitos city,33.79691,-118.06124,25.1
Marina city,36.68026,-121.78937,88.9
Martinez city,37.99812,-122.11442,154.5
Modesto city,37.63753,-121.00305,87.5
Monterey city,36.60119,-121.88311,5.8
Mountain View CDP,38.00921,-122.11685,80.3
Orangevale CDP,38.68936,-121.22308,242.4
Orinda city,37.88161,-122.16859,759.6
Palmdale city,34.59104,-118.1054,2611.8
Placentia city,33.88116,-117.85478,283.0
Pleasant Hill city,37.95416,-122.07577,59.7
Pleasanton city,37.66719,-121.88123,343.2
Poway city,32.98768,-117.02181,728.7
Rancho Santa Fe CDP,33.02581,-117.19815,224.6
Redlands city,34.05351,-117.17048,1437.8
Redwood City city,37.51527,-122.21367,7.8
San Juan Capistrano city,33.50089,-117.65439,104.3
San Mateo city,37.56031,-122.3106,9.7
Santa Ana city,33.73633,-117.8829,76.9
Santa Maria city,34.93308,-120.44356,206.7
Santa Rosa city,38.44582,-122.70618,179.7
South Lake Tahoe city,38.92822,-119.981,6260.0
Spring Valley CDP,39.07605,-122.58451,1329.0
Sunnyside-Tahoe City CDP,39.14832,-120.17094,7000.1
Upland city,34.11607,-117.65992,1442.6
Vacaville city,38.35862,-121.9686,168.1
Victorville city,34.52773,-117.35358,2954.5
Villa Park city,33.81799,-117.81129,357.9
Visalia city,36.32803,-119.32852,315.9
Yorba Linda city,33.88904,-117.77207,538.5
Basalt town,39.36859,-107.04876,6561.8
Broomfield city,39.95359,-105.05079,5334.1
Castle Pines city,39.46249,-104.87058,6331.8
Erie town,40.04029,-105.03831,5073.5
Granby town,40.0648,-105.91939,7992.9
Greenwood Village city,39.61593,-104.91169,5639.2
Louisville city,39.96958,-105.14327,5390.0
Monument town,39.07441,-104.84422,7001.8
Westminster city,39.88012,-105.06151,5342.4
Brookfield Center CDP,41.46236,-73.38753,504.9
Glastonbury Center CDP,41.70067,-72.59942,30.7
Milford city (balance),41.22364,-73.06456,79.1
Norwalk city,41.09274,-73.4198,15.8
Redding Center CDP,41.30666,-73.38302,666.9
Stratford Downtown CDP,41.19885,-73.12767,21.5
Westport Village CDP,41.14335,-73.36025,7.6
Apopka city,28.7017,-81.53182,93.3
Cooper City city,26.04806,-80.28496,3.9
Daytona Beach city,29.19071,-81.09708,15.1
DeLand city,29.02266,-81.2865,74.6
Delray Beach city,26.4559,-80.09042,10.4
Land O' Lakes CDP,28.20831,-82.44584,84.3
Largo city,27.90591,-82.76724,5.2
Lehigh Acres CDP,26.61269,-81.63885,22.0
Lighthouse Point city,26.27776,-80.08862,-3.0
Loxahatchee Groves town,26.72088,-80.2772,16.9
Melbourne city,28.11044,-80.66272,28.5
Oviedo city,28.66193,-81.1871,51.3
Palm Bay city,27.96489,-80.65828,23.5
Palm Beach Gardens city,26.84879,-80.16712,14.9
Plantation city,26.12557,-80.26182,7.0
Sanford city,28.78943,-81.27562,39.4
St. Augustine city,29.89615,-81.31113,3.5
Wesley Chapel CDP,28.20525,-82.31711,79.4
Bainbridge city,30.90621,-84.57265,118.1
Cedartown city,34.02175,-85.24753,778.7
Columbus city,32.5102,-84.87495,292.2
Dacula city,33.98197,-83.90108,1062.4
Fayetteville city,33.4491,-84.47282,866.3
Hoschton city,34.08593,-83.7622,923.9
Kennesaw city,34.0272,-84.61709,1097.1
Newnan city,33.37967,-84.7712,975.0
Peachtree City city,33.39189,-84.57066,796.0
Roswell city,34.03945,-84.35095,1060.4
Suwanee city,34.05112,-84.06591,936.3
Ewa Beach CDP,21.31274,-158.00611,10.1
Haleiwa CDP,21.60238,-158.09564,8.2
Mililani Town CDP,21.44651,-158.01464,626.3
Waianae CDP,21.45182,-158.18204,11.1
Cedar Rapids city,41.96585,-91.6789,732.0
Davenport city,41.55682,-90.60395,653.8
Des Moines city,41.57259,-93.61024,792.0
Urbandale city,41.63679,-93.77983,964.6
Pocatello city,42.87275,-112.46384,4466.7
Addison village,41.93078,-88.00899,700.7
Barrington village,42.15154,-88.12853,843.0
Bartlett village,41.96064,-88.17775,765.4
Buffalo Grove village,42.16598,-87.96183,675.2
Des Plaines city,42.0344,-87.90114,644.3
Downers Grove village,41.79503,-88.02106,707.8
Evanston city,42.04639,-87.69435,596.9
Grayslake village,42.34082,-88.03356,778.6
Harwood Heights village,41.96632,-87.80559,653.0
Highland Park city,42.18237,-87.81085,642.4
Lakewood village,42.22451,-88.38669,919.6
Lincolnshire village,42.19652,-87.91774,648.4
Lisle village,41.79211,-88.0877,671.4
Mount Prospect village,42.0642,-87.93736,673.3
Oak Lawn village,41.71388,-87.75278,605.4
Orland Park village,41.60815,-87.85929,682.2
Palatine village,42.11647,-88.04436,752.1
Palos Hills city,41.70068,-87.8253,590.3
Riverside village,41.83096,-87.81585,615.2
Rock Island city,41.47016,-90.58311,610.3
Rockford city,42.25884,-89.06455,731.2
Bloomington city,39.1637,-86.52426,815.3
Brownsburg town,39.83444,-86.38569,874.9
Danville town,39.75881,-86.49528,866.5
Elkhart city,41.69154,-85.96225,741.8
Plainfield town,39.69319,-86.37198,742.5
South Bend city,41.67664,-86.26881,719.1
Westfield city,40.03601,-86.15221,902.1
Zionsville town,39.99153,-86.32175,930.2
Overland Park city,38.88904,-94.69058,944.7
Salina city,38.81309,-97.61448,1236.5
Topeka city,39.03468,-95.69482,932.8
Shreveport city,32.46688,-93.79219,219.6
Beverly city,42.55666,-70.84496,77.4
Cambridge city,42.37604,-71.11868,23.1
Hanson CDP,42.06503,-70.84977,83.5
Marblehead CDP,42.49563,-70.83582,41.7
Methuen Town city,42.74264,-71.17865,142.5
Newton city,42.33177,-71.2084,111.6
Salem city,42.49925,-70.8982,57.1
Scituate CDP,42.18029,-70.73439,29.6
Topsfield CDP,42.6394,-70.95528,75.1
Waltham city,42.38892,-71.24227,84.6
Wellesley CDP,42.30593,-71.28292,138.3
Worcester city,42.26948,-71.80778,495.1
Annapolis city,38.97215,-76.50533,34.8
Bel Air CDP,39.58126,-78.85547,858.2
Brookeville town,39.18251,-77.05973,430.6
Cabin John CDP,38.97401,-77.16384,138.1
Chevy Chase town,38.98189,-77.0832,335.9
Darnestown CDP,39.08871,-77.31178,335.7
Gaithersburg city,39.1486,-77.19513,444.7
Huntingtown CDP,38.61235,-76.62154,148.4
Mount Airy town,39.37469,-77.15381,812.5
North Potomac CDP,39.09677,-77.2385,386.0
Silver Spring CDP,39.00244,-77.02079,279.6
Upper Marlboro town,38.8165,-76.75367,52.9
Fort Kent CDP,47.25174,-68.58722,518.7
Yarmouth CDP,43.80382,-70.18858,72.5
Caro city,43.4893,-83.40174,724.4
Dexter city,42.33226,-83.88103,936.1
Farmington Hills city,42.48565,-83.37596,855.6
Flint city,43.02442,-83.69197,729.2
Grand Blanc city,42.93254,-83.62049,845.5
Grosse Pointe Park city,42.37395,-82.92344,575.7
Grosse Pointe Woods city,42.43926,-82.89896,579.8
Harbor Springs city,45.43248,-84.9891,696.0
Jackson city,42.24216,-84.40204,945.3
Novi city,42.47849,-83.48682,922.7
Rochester Hills city,42.66348,-83.1592,805.1
Andover city,45.25242,-93.3374,871.2
Apple Valley city,44.7453,-93.19941,968.1
Arden Hills city,45.07116,-93.16547,928.9
Bloomington city,44.82967,-93.31522,808.9
Brooklyn Park city,45.11091,-93.34909,868.1
Burnsville city,44.76441,-93.27937,960.2
Chisholm city,47.48753,-92.8794,1502.6
Farmington city,44.65916,-93.16871,907.3
Maple Grove city,45.11276,-93.46298,896.7
Richfield city,44.87435,-93.28244,841.6
Savage city,44.75906,-93.36421,904.9
St. Paul city,44.9489,-93.10406,842.5
St. Francis city,45.39403,-93.39412,895.0
Chesterfield city,38.65813,-90.57595,466.5
Lee's Summit city,38.9216,-94.38476,1017.7
Hattiesburg city,31.3073,-89.31743,204.3
Laurel city,31.69508,-89.14495,280.7
Billings city,45.78854,-108.55248,3215.6
Davidson town,35.48066,-80.82091,725.9
Holly Springs town,35.65328,-78.84076,436.2
Lewisville town,36.10519,-80.42455,898.3
Winston-Salem city,36.10286,-80.26083,794.1
Rolla city,48.84362,-99.60935,1797.8
Dover city,43.18636,-70.88362,109.6
Berlin borough,39.79206,-74.93699,144.9
Boonton town,40.90382,-74.40637,402.8
Clifton city,40.86214,-74.16039,156.4
Fair Haven borough,40.36194,-74.03878,15.5
Jersey City city,40.71142,-74.06476,23.2
Rutgers University-Livingston Campus CDP,40.51772,-74.44477,98.2
Madison borough,40.75804,-74.41781,270.7
Morganville CDP,40.37605,-74.23261,262.8
Princeton,40.35824,-74.66673,140.4
Rumson borough,40.36207,-74.00451,24.0
Spring Lake borough,40.15376,-74.02685,19.4
Voorhees CDP,40.48218,-74.49251,123.7
West Long Branch borough,40.2879,-74.02002,15.7
Las Cruces city,32.32644,-106.78969,3900.4
Roswell city,33.37344,-104.52939,3616.2
Carson City,39.15306,-119.74737,4651.9
Gardnerville CDP,38.939,-119.73688,4771.9
Glens Falls city,43.31116,-73.64529,345.1
Huntington Station CDP,40.84449,-73.40481,174.5
Lewiston village,43.17193,-79.04067,369.0
Massapequa Park village,40.68091,-73.44969,25.3
Northport village,40.90405,-73.34497,154.3
Nyack village,41.09295,-73.91524,24.8
Port Jervis city,41.37802,-74.6908,471.1
Poughkeepsie city,41.69459,-73.91987,208.5
Rockville Centre village,40.66402,-73.63805,34.7
Rome city,43.226,-75.48952,451.7
Saranac Lake village,44.32594,-74.13093,1543.9
New York City (Staten Island),40.5795,-74.1502,105.6
Syosset CDP,40.81568,-73.50203,199.7
West Nyack CDP,41.09114,-73.96883,58.3
Beavercreek city,39.73315,-84.05961,927.0
Blacklick Estates CDP,39.9046,-82.86638,751.0
Bowling Green city,41.37768,-83.64958,687.5
Canton city,40.80765,-81.36723,1068.7
Chagrin Falls village,41.43095,-81.38898,968.0
Fremont city,41.35302,-83.11559,580.4
Massillon city,40.78448,-81.52522,985.8
New Albany city,40.09,-82.77635,1098.2
North Canton city,40.87415,-81.39713,1131.3
Springfield city,39.92891,-83.79424,925.3
Tontogany village,41.42103,-83.74098,666.5
Upper Arlington city,40.02759,-83.07072,856.3
Olde West Chester CDP,39.33521,-84.40348,713.4
Norman city,35.24057,-97.3453,1134.8
Medford city,42.33689,-122.85177,1423.2
Allentown city,40.59365,-75.47839,294.6
Cochranville CDP,39.88861,-75.92981,586.2
Denver borough,40.23412,-76.14116,387.1
Greensburg city,40.31115,-79.54443,1149.7
Harrisburg city,40.27589,-76.88502,333.5
Honey Brook borough,40.09358,-75.91075,742.2
Lititz borough,40.154,-76.30431,380.6
Macungie borough,40.51591,-75.55408,388.7
Millersville borough,40.00532,-76.35176,330.5
Phoenixville borough,40.1352,-75.5227,110.5
Plymouth Meeting CDP,40.10973,-75.28037,173.2
Reading city,40.33922,-75.92628,269.9
Schwenksville borough,40.25786,-75.46572,217.8
Slippery Rock borough,41.06949,-80.05793,1289.6
Stevens CDP,40.21651,-76.16689,388.7
Topton borough,40.50337,-75.70254,490.4
York city,39.9648,-76.73184,366.9
Aiken city,33.53159,-81.72507,507.9
Beaufort city,32.45808,-80.72254,19.0
Irmo town,34.10212,-81.19585,357.5
Simpsonville city,34.72903,-82.25752,880.0
Sioux Falls city,43.5407,-96.73196,1474.9
Yankton city,42.88975,-97.39269,1248.7
Chattanooga city,35.06596,-85.24839,689.4
Clarksville city,36.56643,-87.34522,475.4
Memphis city,35.10903,-89.96746,310.0
Abilene city,32.45451,-99.73815,1716.4
Burleson city,32.51645,-97.32737,797.6
Conroe city,30.32872,-95.4846,226.6
Denton city,33.21745,-97.14135,660.8
Duncanville city,32.64595,-96.91387,710.0
Frisco city,33.15543,-96.8226,703.3
Humble city,29.98821,-95.26436,84.6
Irving city,32.85775,-96.97002,558.7
Katy city,29.79091,-95.84071,142.7
Killeen city,31.07767,-97.73195,881.6
Mansfield city,32.56919,-97.12053,592.6
Missouri City city,29.56294,-95.536,63.9
Port Arthur city,29.90001,-93.89442,2.2
Richardson city,32.97229,-96.70807,636.7
Tomball city,30.09508,-95.61968,186.0
Waco city,31.55799,-97.18975,544.7
Weatherford city,32.75319,-97.77194,1000.7
Wylie city,33.03583,-96.52019,512.9
Alpine city,40.46295,-111.77244,5048.2
American Fork city,40.37788,-111.79507,4612.5
Herndon town,38.97041,-77.38707,353.9
Manassas city,38.74681,-77.48263,277.6
Palmyra CDP,37.86637,-78.25759,321.4
Reston CDP,38.94976,-77.34624,384.3
Winchester city,39.17387,-78.17636,755.5
Burlington city,44.49193,-73.23888,103.9
Morrisville village,44.55723,-72.58997,753.1
Putney CDP,42.97132,-72.5277,588.6
Rutland city,43.60967,-72.97779,561.1
Westford CDP,44.60332,-73.01599,528.1
Bellevue city,47.59784,-122.15648,300.7
Burien city,47.47561,-122.34466,392.9
Everett city,47.96541,-122.1899,8.9
Issaquah city,47.54449,-122.04909,60.7
Kent city,47.38797,-122.21273,392.8
Kirkland city,47.69666,-122.20417,32.2
Lake Stevens city,48.00341,-122.09683,223.8
Sammamish city,47.59427,-122.03808,491.4
Spokane Valley city,47.66335,-117.23278,2046.2
University Place city,47.21537,-122.54726,418.8
Wenatchee city,47.43599,-120.32927,713.7
Woodinville city,47.75769,-122.14679,209.2
East Troy village,42.78518,-88.39557,830.1
Fond du Lac city,43.77218,-88.44026,763.7
Hartland village,43.10235,-88.33559,940.5
Kenosha city,42.58753,-87.88,724.9
Kewaunee city,44.46357,-87.5217,708.7
Medford city,45.13563,-90.34247,1452.3
Oshkosh city,44.02317,-88.56226,755.5
Stevens Point city,44.5253,-89.55038,1095.6
Verona city,42.99006,-89.53887,1005.4
Wausau city,44.96177,-89.64654,1330.2
Alta CDP,43.77362,-111.03126,6447.3
Homer city,59.6475,-151.51309,49.9
Kenai city,60.56224,-151.20806,87.4
Kotzebue city,66.87709,-162.50348,79.4
Seward city,60.12479,-149.39158,10.1
Wasilla city,61.58114,-149.46079,347.5
Anniston city,33.67347,-85.81089,1002.0
Auburn city,32.60781,-85.49475,670.9
Eclectic town,32.64022,-86.04106,544.0
Gadsden city,34.0066,-86.01608,562.6
Homewood city,33.45855,-86.80965,768.4
Lanett city,32.85865,-85.20779,586.9
Madison city,34.71053,-86.76228,691.3
Opelika city,32.66074,-85.37889,751.1
Phenix City city,32.45371,-85.03102,340.3
Prattville city,32.44904,-86.4494,325.3
Riverside city,33.61639,-86.20436,507.8
Trussville city,33.65523,-86.56324,913.5
Cabot city,34.97511,-92.02829,298.8
Mayflower city,34.9662,-92.42673,303.7
North Little Rock city,34.78175,-92.23506,316.7
Oakland CDP,36.46042,-92.57177,1045.6
Russellville city,35.27633,-93.13874,373.0
Searcy city,35.24113,-91.73522,233.1
Wooster town,35.19992,-92.4502,294.2
Fountain Hills town,33.6078,-111.7384,1817.4
Maricopa city,33.04194,-111.99926,1195.4
Peoria city,33.78619,-112.30804,1805.3
Prescott city,34.59224,-112.44673,5312.9
Prescott Valley town,34.59793,-112.3185,5054.3
Snowflake town,34.52146,-110.09118,5662.7
Surprise city,33.6708,-112.45255,1362.9
Albany city,37.89065,-122.31812,21.2
Alhambra city,34.08357,-118.13644,460.6
Aliso Viejo city,33.57921,-117.7289,480.6
Anderson city,40.44976,-122.29507,427.0
Antelope CDP,38.71533,-121.36096,125.0
Antioch city,37.97834,-121.79606,218.1
Arroyo Grande city,35.12415,-120.58453,224.4
Auburn city,38.89507,-121.07674,1213.0
Barstow city,34.86699,-117.04304,2652.9
Bellflower city,33.88782,-118.12725,74.7
Belmont city,37.5144,-122.29448,194.7
Berkeley city,37.86567,-122.29873,28.0
Big Bear Lake city,34.24289,-116.89389,6831.3
Boulder Creek CDP,37.1341,-122.12721,497.4
Brea city,33.92518,-117.86511,547.3
Brentwood city,37.93558,-121.71897,87.7
Brisbane city,37.67575,-122.3833,16.9
Buena Park city,33.85735,-118.00737,72.0
Burbank city,34.19008,-118.3264,614.6
Castaic CDP,34.47744,-118.63268,1541.6
Castro Valley CDP,37.70828,-122.06277,372.1
Ceres city,37.59879,-120.96808,90.6
Chico city,39.75895,-121.81772,240.1
China Lake Acres CDP,35.64002,-117.76646,2433.8
Chino city,33.97804,-117.65772,616.3
Coachella city,33.69038,-116.14313,-66.8
Colton city,34.05452,-117.32503,934.9
Compton city,33.89405,-118.22747,70.0
Coto de Caza CDP,33.59704,-117.58648,676.5
Coto de Caza CDP,33.59704,-117.58648,676.5
Culver City city,34.00582,-118.39678,49.7
Cupertino city,37.3194,-122.04496,299.6
Dana Point city,33.47545,-117.69309,314.9
Del Mar city,32.96395,-117.2598,302.8
Delano city,35.76643,-119.26422,292.2
Desert Hot Springs city,33.95759,-116.54228,1133.0
East Los Angeles CDP,34.03151,-118.16857,285.5
East Palo Alto city,37.46778,-122.13255,10.9
El Cerrito city,37.91957,-122.30252,196.8
El Dorado Hills CDP,38.67608,-121.0477,1132.3
Escondido city,33.13305,-117.07404,670.2
Fairfield city,38.26206,-122.03239,36.0
Garden Grove city,33.77878,-117.96047,82.5
Gilroy city,37.00641,-121.58532,213.0
Glendale city,34.18139,-118.24583,1340.3
Goleta city,34.43544,-119.85895,37.9
Granite Bay CDP,38.76044,-121.1682,400.1
Grass Valley city,39.22031,-121.05265,2449.0
Groveland CDP,37.83197,-120.24158,3185.3
Hesperia city,34.39704,-117.3152,3352.4
Kentfield CDP,37.93587,-122.559,378.2
La Puente city,34.03233,-117.95352,326.7
Laguna Niguel city,33.52865,-117.70125,521.5
Lakewood city,33.84714,-118.12189,51.0
Lancaster city,34.69356,-118.1753,2328.9
Lemon Grove city,32.73307,-117.03441,412.9
Los Altos city,37.36843,-122.09657,166.3
Menifee city,33.68986,-117.18438,1421.2
Miranda CDP,40.22869,-123.81758,835.5
Monrovia city,34.16398,-117.98465,1019.2
Monte Sereno city,37.24041,-121.98824,500.8
Mount Shasta city,41.32088,-122.31548,3616.5
Napa city,38.29787,-122.30074,48.9
National City city,32.66586,-117.09736,57.0
Nevada City city,39.25961,-121.03333,2391.4
Newark city,37.50425,-122.03191,5.9
Norco city,33.92552,-117.55196,625.7
North Tustin CDP,33.76354,-117.79472,242.6
Ontario city,34.03765,-117.60443,851.0
Palm Desert city,33.73763,-116.36414,176.5
Palm Springs city,33.80336,-116.53828,432.2
Palos Verdes Estates city,33.77427,-118.42575,143.9
Palos Verdes Estates city,33.77427,-118.42575,143.9
Patterson city,37.47588,-121.15388,115.9
Perris city,33.78985,-117.22217,1431.6
Petaluma city,38.24225,-122.62877,17.7
Phelan CDP,34.43982,-117.52483,3808.4
Placerville city,38.73112,-120.79768,1952.6
Ramona CDP,33.04581,-116.87755,1444.1
Rancho Mirage city,33.76384,-116.43039,240.7
Red Bluff city,40.17352,-122.24152,304.9
Redding city,40.57028,-122.36677,530.4
Rolling Hills Estates city,33.77844,-118.32743,378.4
Rossmoor CDP,33.78869,-118.08033,15.0
Salinas city,36.69022,-121.63379,61.8
San Anselmo town,37.98212,-122.56992,83.2
San Bernardino city,34.14114,-117.29463,1198.9
San Dimas city,34.10796,-117.80853,956.1
San Marino city,34.12267,-118.11291,559.7
San Rafael city,37.981,-122.50693,259.3
Santa Fe Springs city,33.93357,-118.06261,150.2
Santa Rosa Valley CDP,34.2459,-118.90178,436.1
Santee city,32.85499,-116.98606,468.2
Scotts Valley city,37.0555,-122.01177,575.9
Signal Hill city,33.80346,-118.16974,170.6
Solvang city,34.59376,-120.13968,483.0
Somis CDP,34.26526,-118.99841,343.9
South San Francisco city,37.6551,-122.37623,12.0
Stevenson Ranch CDP,34.38772,-118.58436,1577.2
Strawberry CDP,37.89125,-122.50917,217.0
Suisun City city,38.24833,-122.01007,19.5
Sutter CDP,39.1556,-121.74926,63.3
Topanga CDP,34.09678,-118.60602,1060.3
Trabuco Canyon CDP,33.67823,-117.59401,1422.1
Vallejo city,38.10691,-122.26234,91.2
Valley Center CDP,33.23299,-117.01576,1436.5
West Hollywood city,34.08827,-118.37183,231.3
Westlake Village city,34.13667,-118.81737,993.8
Windsor town,38.5421,-122.80861,109.3
Woodland city,38.67116,-121.75004,42.3
Wrightwood CDP,34.34599,-117.62758,6736.1
Yuba City city,39.12984,-121.64155,55.3
Yucaipa city,34.03358,-117.0429,2625.5
Brighton city,39.9657,-104.79417,5032.0
Buena Vista town,38.83199,-106.13866,7987.7
Carbondale town,39.39556,-107.21502,6202.2
Copper Mountain CDP,39.47689,-106.20111,11364.8
Delta city,38.75737,-108.08799,4918.3
El Jebel CDP,39.40699,-107.09422,6800.8
Fairplay town,39.22433,-105.9984,9932.5
Fowler town,38.13062,-104.0261,4338.7
Frederick town,40.10591,-104.9745,4949.0
Lafayette city,39.99481,-105.09968,5266.5
Leadville city,39.24728,-106.29346,10117.0
Lyons town,40.22305,-105.26866,5343.4
New Castle town,39.57764,-107.52645,5824.7
Norwood town,38.1284,-108.29225,7018.7
Oak Creek town,40.27402,-106.95764,7438.5
Paonia town,38.8698,-107.59208,5675.7
Pueblo city,38.26923,-104.61082,4663.7
Sedalia CDP,39.4397,-104.96991,5822.3
Thornton city,39.92043,-104.94141,5194.8
Windsor town,40.47827,-104.91505,4800.6
Ansonia city,41.34425,-73.06982,90.7
Bethlehem Village CDP,41.64396,-73.20279,942.9
Cheshire Village CDP,41.50409,-72.89687,197.7
Dayville CDP,41.84422,-71.88239,253.1
Guilford Center CDP,41.28051,-72.67622,10.0
Manchester CDP,41.77963,-72.52016,225.8
North Haven CDP,41.38146,-72.85637,37.9
Orange CDP,41.28495,-73.02464,183.2
Stamford city,41.07961,-73.54608,146.7
Torrington city,41.8342,-73.13147,1097.3
Weston CDP,41.20324,-73.37878,331.1
Wilton Center CDP,41.19128,-73.42616,196.0
Windsor Locks CDP,41.92779,-72.65162,145.2
"Washington, D.C.",38.9072,-77.0369,72.2
Delmar town,38.47247,-75.54386,48.0
Lewes city,38.77864,-75.14369,4.5
Middletown town,39.44339,-75.7175,59.1
Rehoboth Beach city,38.71745,-75.08061,18.9
Alva CDP,26.72149,-81.62428,9.8
Anna Maria city,27.52983,-82.73372,3.0
Apollo Beach CDP,27.76302,-82.40331,3.7
Atlantic Beach city,30.33955,-81.39667,19.3
Auburndale city,28.11,-81.79732,158.3
Bagdad CDP,30.58417,-87.04489,64.6
Belleair Beach city,27.93124,-82.83657,4.4
Belleair Bluffs city,27.91962,-82.81975,46.4
Brandon CDP,27.93598,-82.29926,38.7
Cape Coral city,26.64319,-81.99736,12.1
Chuluota CDP,28.64029,-81.1184,52.1
Clermont city,28.53329,-81.72024,97.6
Cocoa city,28.37664,-80.76331,23.2
Cocoa Beach city,28.32914,-80.62754,-1.1
Crestview city,30.74793,-86.57927,183.3
Dunnellon city,29.05961,-82.42538,40.7
Eagle Lake city,27.97427,-81.75539,152.5
Ellenton CDP,27.52658,-82.52668,13.7
Estero village,26.42559,-81.79954,17.0
Eustis city,28.85717,-81.67682,75.0
Fellsmere city,27.72119,-80.60994,23.5
Fernandina Beach city,30.65813,-81.45152,21.9
Fort Myers city,26.62007,-81.82955,15.6
Fort Pierce city,27.42611,-80.34249,19.7
Green Cove Springs city,29.98531,-81.68098,0.9
Groveland city,28.61022,-81.82709,113.4
Homestead city,25.46633,-80.44305,6.6
Homosassa CDP,28.78487,-82.6076,4.8
Hudson CDP,28.35923,-82.68966,10.9
Indian Harbour Beach city,28.15747,-80.60015,-1.6
Inverness city,28.84221,-82.34229,71.2
"Islamorada, Village of Islands village",24.98435,-80.5433,5.3
Lake Butler CDP,28.48285,-81.53866,106.0
Lake Panasoffkee CDP,28.78429,-82.12307,48.2
Lake Wales city,27.9207,-81.5995,132.6
Lauderdale-by-the-Sea town,26.19134,-80.09946,4.5
Leesburg city,28.71721,-81.90309,90.6
Lynn Haven city,30.23357,-85.63692,18.7
Melbourne Beach town,28.06687,-80.5596,12.3
Merritt Island CDP,28.30924,-80.67596,1.4
Miami Beach city,25.8106,-80.14885,0.0
Miami Gardens city,25.94889,-80.24358,5.7
Miami Lakes town,25.91274,-80.32042,5.9
North Palm Beach village,26.8203,-80.05691,6.6
Odessa CDP,28.18233,-82.55042,55.1
Orange Park town,30.17085,-81.70467,23.4
Ormond Beach city,29.29328,-81.10145,19.2
Osprey CDP,27.19039,-82.47571,14.5
Palm Harbor CDP,28.08477,-82.75757,55.0
Panama City city,30.16627,-85.67019,24.7
Parkland city,26.32136,-80.2543,11.4
Pensacola city,30.44099,-87.19124,36.3
Plant City city,28.01535,-82.11781,117.9
Rockledge city,28.32136,-80.73782,24.6
Spring Hill CDP,28.47921,-82.52966,46.1
St. Augustine Beach city,29.84156,-81.27097,9.6
Stuart city,27.19527,-80.24411,9.2
Tequesta village,26.96487,-80.11324,9.8
West Palm Beach city,26.74511,-80.12704,15.0
Winter Haven city,28.04584,-81.73274,166.3
Acworth city,34.06199,-84.68112,883.7
Albany city,31.57812,-84.17622,209.7
Alma city,31.54333,-82.47558,202.1
Buford city,34.11856,-83.98861,1063.9
Cairo city,30.87923,-84.20551,238.4
Cartersville city,34.16458,-84.8017,757.2
Clarkesville city,34.60929,-83.52747,1393.5
Conyers city,33.65747,-83.98381,841.7
Covington city,33.60544,-83.84663,779.3
Cumming city,34.20607,-84.13385,1255.3
Dunwoody city,33.94139,-84.3127,994.3
Eatonton city,33.32582,-83.38886,577.4
Glennville city,31.9388,-81.93242,173.5
Griffin city,33.24319,-84.27186,952.9
Hampton city,33.3777,-84.29897,866.8
Jasper city,34.4662,-84.43586,1385.0
Johns Creek city,34.03274,-84.20385,954.3
Macon-Bibb County,32.80884,-83.69419,372.4
Monroe city,33.79748,-83.71873,891.1
Norman Park city,31.26902,-83.68453,331.4
Rome city,34.26613,-85.18605,605.5
Sandersville city,32.98209,-82.80969,454.3
Savannah city,32.01804,-81.19649,5.6
Snellville city,33.86022,-84.00629,999.9
Stockbridge city,33.53002,-84.23427,739.3
Summerville city,34.47875,-85.34907,644.4
Valdosta city,30.85013,-83.27883,198.1
Vidalia city,32.21208,-82.40219,295.8
Williamson city,33.17827,-84.35757,878.7
Aiea CDP,21.38526,-157.92475,228.2
Haiku-Pauwela CDP,20.92087,-156.30187,498.8
Hauula CDP,21.61205,-157.91089,5.8
Hauula CDP,21.61205,-157.91089,5.8
Kahuku CDP,21.67894,-157.94316,23.3
Kaneohe CDP,21.40933,-157.78965,11.9
Kapolei CDP,21.33993,-158.06783,82.8
Kihei CDP,20.76609,-156.43521,213.2
Makawao CDP,20.84804,-156.31903,1627.3
Nanakuli CDP,21.38985,-158.15497,10.5
Pahala CDP,19.19919,-155.47728,847.8
Wahiawa CDP,21.50067,-158.01796,965.3
Waikele CDP,21.40255,-158.00583,204.4
Waipahu CDP,21.38494,-158.01099,13.8
Ames city,42.02633,-93.62126,928.0
Coralville city,41.69879,-91.5968,753.0
Council Bluffs city,41.23599,-95.85316,977.3
Dubuque city,42.4989,-90.70726,800.4
Fairbank city,42.64014,-92.04779,983.6
Grimes city,41.67785,-93.80231,992.7
Grinnell city,41.73524,-92.7249,1003.1
North Liberty city,41.74362,-91.61123,779.2
Pleasant Hill city,41.59911,-93.50505,871.8
Sioux City city,42.49529,-96.38986,1108.5
Swisher city,41.84458,-91.69465,777.6
Waterloo city,42.49233,-92.35195,883.6
West Des Moines city,41.54994,-93.78135,933.7
West Point city,40.71454,-91.45283,775.6
Woodbine city,41.73634,-95.71106,1102.3
Caldwell city,43.64588,-116.65934,2398.0
Eagle city,43.69342,-116.34599,2560.9
Hailey city,43.51267,-114.2995,5316.4
McCammon city,42.64824,-112.18939,4762.2
Meridian city,43.61149,-116.40066,2592.8
Rathdrum city,47.79404,-116.89293,2213.2
Rexburg city,43.82289,-111.79099,4863.1
Rigby city,43.67359,-111.91353,4855.2
Sandpoint city,48.28169,-116.56001,2111.9
Twin Falls city,42.56467,-114.46061,3730.0
Algonquin village,42.15947,-88.32187,907.5
Arlington Heights village,42.09736,-87.98167,710.1
Belleville city,38.51597,-89.98978,488.2
Bellwood village,41.8829,-87.87617,632.8
Bloomington city,40.47578,-88.96991,841.5
Boody CDP,39.76438,-89.04667,687.9
Campton Hills village,41.95024,-88.41705,841.1
Carlinville city,39.27748,-89.87613,620.4
Cary village,42.21214,-88.24963,819.6
Chatham village,39.67453,-89.6933,597.7
Chicago Heights city,41.51069,-87.63467,652.8
Clarendon Hills village,41.79845,-87.95724,741.6
Crete village,41.44052,-87.62447,735.7
Decatur city,39.85598,-88.93375,675.6
East Alton village,38.88412,-90.10794,440.6
East St. Louis city,38.61636,-90.13053,414.0
Evergreen Park village,41.72127,-87.70133,623.7
Fox River Grove village,42.19549,-88.21481,769.5
Freeport city,42.28901,-89.63426,782.2
Geneva city,41.88211,-88.32946,741.9
Germantown Hills village,40.77063,-89.4689,756.5
Glencoe village,42.13449,-87.76318,669.8
Gurnee village,42.37009,-87.93681,711.0
Itasca village,41.97662,-88.01878,693.2
Joliet city,41.5177,-88.14885,608.4
La Grange village,41.80721,-87.87415,648.3
Lake Bluff village,42.28269,-87.85231,693.0
Lake Villa village,42.41757,-88.08261,785.7
Lake Zurich village,42.19501,-88.08773,877.6
Lincolnwood village,42.00543,-87.73296,606.6
Marion city,37.73445,-88.94116,439.2
Mascoutah city,38.51812,-89.80004,432.1
McHenry city,42.3362,-88.29165,808.7
Mount Prospect village,42.0642,-87.93736,673.3
Nashville city,38.35362,-89.37799,472.7
Northfield village,42.10297,-87.77738,623.5
Northlake city,41.91432,-87.90549,646.6
Okawville village,38.43442,-89.54798,431.4
Palos Heights city,41.66344,-87.79604,626.3
Park Ridge city,42.01176,-87.84343,642.0
Richview village,38.37588,-89.18026,537.7
Riverwoods village,42.1729,-87.89486,682.2
Rolling Meadows city,42.07491,-88.02536,714.9
Roselle village,41.98025,-88.08591,784.8
Round Lake village,42.34318,-88.1021,766.9
Sauk Village village,41.49009,-87.57062,660.8
Savoy village,40.05913,-88.2545,741.8
Springfield city,39.79106,-89.64457,599.7
St. Charles city,41.91945,-88.31074,755.9
St. Joseph village,40.11471,-88.03562,674.4
East St. Louis city,38.61636,-90.13053,414.0
Swansea village,38.55178,-89.98751,574.7
Sycamore city,41.99673,-88.67764,835.6
Vernon Hills village,42.23441,-87.96106,684.7
Warren village,42.49483,-89.99123,981.2
Wauconda village,42.27701,-88.13527,808.6
Waukegan city,42.36945,-87.8709,715.8
Willowbrook village,41.76732,-87.94215,738.7
Wilmette village,42.07732,-87.72862,628.2
Wilmington village,39.48068,-90.48677,671.6
Winfield village,41.87844,-88.15303,742.1
Woodridge village,41.73739,-88.04413,755.6
Yorkville city,41.66174,-88.4286,643.9
Auburn city,41.36763,-85.05498,863.6
Chesterton town,41.59982,-87.055,645.3
Columbus city,39.20868,-85.91906,628.6
Crown Point city,41.40911,-87.34695,725.5
Decatur city,40.82885,-84.92781,801.3
Elwood city,40.27382,-85.83729,861.9
Fowler town,40.61723,-87.31793,821.3
Fremont town,41.72762,-84.93886,1055.0
Granger CDP,41.73773,-86.13438,799.7
Huntington city,40.88083,-85.5055,776.2
Jeffersonville city,38.33241,-85.69609,508.7
Kokomo city,40.46401,-86.12735,821.4
Lake Station city,41.57673,-87.25288,603.0
Linton city,39.03553,-87.15713,501.4
Michigan City city,41.70878,-86.86687,623.4
Middlebury CDP,39.26489,-87.11931,666.0
Mishawaka city,41.67661,-86.16536,736.6
Muncie city,40.19883,-85.39506,933.0
Princeton city,38.35447,-87.57951,462.6
Terre Haute city,39.46415,-87.37604,505.8
Valparaiso city,41.47981,-87.05227,795.2
Walkerton town,41.46566,-86.48249,724.1
West Lafayette city,40.44371,-86.92362,710.1
Belleville city,39.82434,-97.63385,1546.4
Derby city,37.55956,-97.25579,1302.5
Gardner city,38.81147,-94.92923,1065.1
Lawrence city,38.96003,-95.26293,992.7
Leavenworth city,39.32272,-94.92501,824.1
Lenexa city,38.96527,-94.80394,917.0
McPherson city,38.36988,-97.66452,1494.7
Olathe city,38.88203,-94.82005,1038.4
Paola city,38.57893,-94.8604,913.5
Piedmont CDP,37.61529,-96.37928,1369.9
Scott City city,38.47887,-100.90305,2969.3
Sterling city,38.20929,-98.20646,1640.2
Wellington city,37.27811,-97.40667,1235.2
Crofton city,37.04793,-87.4835,590.1
Fort Mitchell city,39.04555,-84.55615,842.3
Fort Mitchell city,39.04555,-84.55615,842.3
Georgetown city,38.26018,-84.53492,918.8
Grayson city,38.33389,-82.93581,577.2
Madisonville city,37.34104,-87.50347,486.6
Owenton city,38.53903,-84.83922,954.3
Prospect city,38.34689,-85.60887,500.5
Shelbyville city,38.2068,-85.23062,767.8
Walton city,38.86243,-84.61504,870.4
Bossier City city,32.52367,-93.65543,157.1
Grand Coteau town,30.42024,-92.04379,54.7
Delcambre town,29.95105,-91.99171,6.5
Lafayette city,30.2056,-92.02806,24.5
Morgan City city,29.71033,-91.19154,-2.7
Napoleonville village,29.93827,-91.02636,14.7
New Iberia city,30.00549,-91.82031,18.2
Prairieville CDP,30.31353,-90.95811,19.7
West Monroe city,32.51234,-92.15107,78.0
Arlington CDP,42.41872,-71.16391,68.6
New Bedford city,41.6613,-70.93791,64.4
Belmont CDP,42.39532,-71.18028,117.5
Brockton city,42.08254,-71.02464,114.3
Brookline CDP,42.32385,-71.142,196.6
Burlington CDP,42.50323,-71.20171,174.9
Danvers CDP,42.57417,-70.95052,48.0
Dover CDP,42.24667,-71.26807,149.1
Duxbury CDP,42.04435,-70.67924,2.5
East Falmouth CDP,41.56825,-70.55744,25.8
Easthampton Town city,42.26543,-72.67081,165.3
Forestdale CDP,41.68349,-70.51079,137.2
Foxborough CDP,42.06402,-71.2484,282.3
Framingham city,42.3079,-71.4362,156.6
Franklin Town city,42.08486,-71.41057,242.6
Hopkinton CDP,42.22556,-71.5241,479.6
Hudson CDP,42.39209,-71.56495,209.3
South Lancaster CDP,42.43702,-71.69709,299.3
Leominster city,42.52088,-71.77061,459.2
Littleton Common CDP,42.53448,-71.47213,352.9
Lowell city,42.639,-71.32102,93.0
Lynn city,42.47477,-70.96204,139.3
Marion Center CDP,41.69661,-70.7555,8.6
Marlborough city,42.34962,-71.54721,444.2
Marshfield CDP,42.10223,-70.6894,6.6
Melrose city,42.45572,-71.05902,79.5
Millis-Clicquot CDP,42.16682,-71.34923,179.5
Needham CDP,42.28159,-71.24241,140.3
Norton Center CDP,41.97446,-71.18855,97.3
Orange CDP,42.60544,-72.29207,737.0
Peabody city,42.53431,-70.96944,159.0
North Pembroke CDP,42.09774,-70.78327,15.0
Raynham Center CDP,41.93048,-71.04621,40.5
Saugus CDP,42.46843,-71.01395,55.6
Sharon CDP,42.11752,-71.18603,231.4
Somerville city,42.39044,-71.10103,61.1
Stoneham CDP,42.47421,-71.09767,157.1
Taunton city,41.90332,-71.09499,30.5
Wakefield CDP,42.50436,-71.06406,70.7
Walpole CDP,42.13386,-71.2403,217.7
Watertown Town city,42.36945,-71.17793,31.1
Westborough CDP,42.26744,-71.61749,308.9
Westfield city,42.13884,-72.75591,206.7
Wilmington CDP,42.56465,-71.16452,82.6
Woburn city,42.4887,-71.15438,105.3
Adamstown CDP,39.307,-77.4693,311.7
Arnold CDP,39.04323,-76.50499,61.8
Bowie city,38.9547,-76.73883,159.4
Columbia CDP,39.20115,-76.85905,304.7
Fort Washington CDP,38.73187,-77.00866,61.2
Fulton CDP,39.15311,-76.91163,436.3
Glenarden city,38.92929,-76.85769,122.7
Hagerstown city,39.64018,-77.72269,545.8
Landover CDP,38.92439,-76.8876,56.0
Laytonsville town,39.20875,-77.13531,588.4
Little Orleans CDP,39.63051,-78.39584,612.2
Montgomery Village CDP,39.18851,-77.20514,431.3
Mount Airy town,39.37469,-77.15381,812.5
Olney CDP,39.14434,-77.07143,501.7
Oxon Hill CDP,38.78879,-76.97186,74.5
Pasadena CDP,39.1557,-76.55981,44.2
Poolesville town,39.14183,-77.41051,386.5
Princess Anne town,38.20514,-75.69638,1.4
Springdale CDP,38.9358,-76.84423,152.7
Towson CDP,39.39421,-76.61775,362.6
Wheaton CDP,39.04949,-77.05821,383.1
Boothbay Harbor CDP,43.85562,-69.62334,58.0
Falmouth CDP,43.71601,-70.23106,58.5
Fort Fairfield CDP,46.76707,-67.83194,393.0
Lisbon Falls CDP,44.00861,-70.05764,153.4
Newport CDP,44.83643,-69.25485,213.8
Sanford city,43.42414,-70.75786,252.5
Allendale CDP,42.98196,-85.94413,654.8
Bay City city,43.59006,-83.88842,600.0
Beverly Hills village,42.52254,-83.24034,724.4
Birmingham city,42.5448,-83.21658,777.6
Bloomfield Hills city,42.58136,-83.24642,815.9
Boyne City city,45.21299,-85.01244,595.0
Buchanan city,41.82829,-86.36597,729.8
Caledonia village,42.79474,-85.5171,777.2
Clinton village,42.06828,-83.96573,852.0
Cutlerville CDP,42.83873,-85.67278,676.9
Eaton Rapids city,42.50974,-84.65188,880.7
Escanaba city,45.74629,-87.08361,612.7
Fenton city,42.80061,-83.71771,897.4
Flushing city,43.06279,-83.84263,690.1
Fowlerville village,42.65938,-84.07374,902.3
Gaylord city,45.02134,-84.68182,1338.6
Grand Haven city,43.05497,-86.21935,603.8
Grosse Pointe city,42.38393,-82.90387,586.4
Grosse Pointe Farms city,42.39755,-82.88918,583.2
Hart city,43.69662,-86.36727,638.3
Highland Park city,42.40523,-83.09765,637.2
Houghton Lake CDP,44.30107,-84.74986,1181.7
Inkster city,42.29395,-83.3203,628.8
Iron River city,46.09591,-88.6366,1480.7
Kalamazoo city,42.27516,-85.5885,773.6
Kingsford city,45.80644,-88.10036,1135.6
Lapeer city,43.04513,-83.32675,831.5
Leland CDP,45.02144,-85.75711,600.2
Lowell city,42.9346,-85.34622,638.8
Marquette city,46.5507,-87.39583,696.5
Marysville city,42.90847,-82.48096,609.1
Melvindale city,42.27861,-83.18225,589.1
Milan city,42.08135,-83.68479,692.8
Northville city,42.43621,-83.48828,901.9
Oak Park city,42.46494,-83.18241,665.9
Okemos CDP,42.70906,-84.41428,871.0
Perry city,42.83218,-84.22407,898.0
Pinckney village,42.4554,-83.94107,876.7
Pontiac city,42.64923,-83.28736,974.6
Portage city,42.19705,-85.5914,861.7
Rockford city,43.13697,-85.55452,716.7
Saginaw city,43.41994,-83.95017,589.8
St. Clair city,42.82653,-82.49243,615.6
Saline city,42.17473,-83.77712,817.3
Sault Ste. Marie city,46.47617,-84.37054,703.7
Shelby village,43.61206,-86.36449,806.9
St. Johns city,43.00051,-84.55552,791.8
Troy city,42.58388,-83.14553,684.6
Vassar city,43.37083,-83.57754,636.8
Warren city,42.4929,-83.025,623.5
Westland city,42.31917,-83.38078,654.7
Afton city,44.89878,-92.81911,963.8
Albert Lea city,43.65429,-93.36415,1242.8
Albertville city,45.23605,-93.66267,952.2
Alexandria city,45.87718,-95.37696,1415.9
Amboy city,43.88793,-94.15826,1045.2
Chanhassen city,44.85428,-93.56238,952.2
Chaska city,44.81636,-93.61002,939.2
Delano city,45.0384,-93.79298,925.0
Elysian city,44.20637,-93.68128,1027.1
Eveleth city,47.47492,-92.54961,1385.4
Excelsior city,44.9027,-93.56643,950.0
Falcon Heights city,44.98805,-93.17466,955.7
Fergus Falls city,46.28502,-96.07611,1195.1
Forest Lake city,45.25083,-92.96692,953.5
Gilbert city,47.49078,-92.45831,1506.1
Golden Valley city,44.99023,-93.35874,877.0
Grant city,45.08208,-92.91095,999.4
Greenwood city,44.91296,-93.554,951.8
Hibbing city,47.3959,-92.94647,1514.0
Hopkins city,44.92511,-93.40449,935.5
Hutchinson city,44.88536,-94.37688,1068.3
Inver Grove Heights city,44.82901,-93.06007,919.4
Isanti city,45.49155,-93.24282,937.7
Jordan city,44.66463,-93.64022,765.5
Kimball city,45.31433,-94.30081,1163.3
Lake City city,44.4457,-92.28092,711.9
Lake Elmo city,44.98785,-92.90965,906.5
Lino Lakes city,45.15546,-93.10686,887.4
Little Canada city,45.02327,-93.08365,902.2
Mahtomedi city,45.05829,-92.97019,926.0
Marine on St. Croix city,45.19093,-92.77843,846.6
Minneapolis city,44.96332,-93.26832,866.0
Minnetrista city,44.93862,-93.71239,951.8
Moorhead city,46.8647,-96.74455,905.7
Mounds View city,45.10674,-93.20683,905.8
Mountain Iron city,47.53669,-92.61657,1516.6
New Brighton city,45.06723,-93.20578,871.3
Oakdale city,44.98755,-92.96355,1050.0
Park Rapids city,46.91639,-95.05793,1444.0
Pine City city,45.84098,-92.96649,957.4
Proctor city,46.74079,-92.22813,1240.0
Ramsey city,45.26002,-93.45223,871.5
Red Wing city,44.58127,-92.60501,680.2
Robbinsdale city,45.02453,-93.33064,863.0
Rogers city,45.18385,-93.57167,935.4
Roseau city,48.84445,-95.76255,1050.1
Rosemount city,44.74581,-93.06886,929.7
St. Cloud city,45.52666,-94.17101,1024.0
Silver Bay city,47.29331,-91.27681,943.8
Spicer city,45.23364,-94.93996,1170.9
Spring Park city,44.93593,-93.63011,949.5
St. Cloud city,45.52666,-94.17101,1024.0
St. Louis Park city,44.94868,-93.36504,915.2
Stewartville city,43.86066,-92.48979,1191.1
Two Harbors city,47.02995,-91.67574,721.8
Vadnais Heights city,45.05794,-93.06645,894.5
Waseca city,44.08153,-93.50395,1127.2
Winona city,44.05127,-91.66808,661.9
Norwood Young America city,44.77211,-93.91729,980.3
Zimmerman city,45.44056,-93.59609,982.8
Ballwin city,38.59506,-90.55002,621.8
Bowling Green city,39.34477,-91.20249,887.6
Carthage city,37.1506,-94.32787,1041.2
Fairfax city,40.3395,-95.39204,924.7
Festus city,38.21943,-90.40972,511.2
Florissant city,38.79973,-90.32708,527.1
Grain Valley city,39.01499,-94.21637,827.8
Gray Summit CDP,38.49486,-90.81535,704.6
Ironton city,37.59584,-90.62975,920.4
Lake St. Louis city,38.77989,-90.78559,601.3
Leeton city,38.58334,-93.69531,948.8
Nixa city,37.04509,-93.29591,1288.9
Odessa city,38.9994,-93.9664,956.3
Ozark city,37.0336,-93.21804,1258.2
Pattonsburg city,40.06876,-94.10881,850.3
Rogersville city,37.11485,-93.07469,1467.4
Springfield city,37.19416,-93.29264,1294.4
St. Louis city,38.6357,-90.24458,466.7
St. Joseph city,39.75946,-94.82114,908.8
Wellington city,39.14236,-93.98631,693.8
Winston village,39.86995,-94.14174,1056.3
Abbeville town,34.50339,-89.50252,361.0
Enterprise town,32.17254,-88.81582,233.9
Florence city,32.15561,-90.12245,295.6
Greenwood city,33.51246,-90.19896,126.6
Hernando city,34.84959,-89.9924,301.0
Jackson city,32.31583,-90.21285,364.4
Oxford city,34.35126,-89.53698,471.9
Pass Christian city,30.31803,-89.23908,20.7
Belgrade city,45.77866,-111.17715,4449.7
Corvallis CDP,46.31395,-114.11171,3479.8
Great Falls city,47.50252,-111.29997,3331.8
Helena city,46.59546,-112.01875,3993.9
Manhattan town,45.85863,-111.33028,4241.6
Valier town,48.30554,-112.25222,3823.3
West Yellowstone town,44.66218,-111.10702,6665.4
Apex town,35.72463,-78.87874,357.5
Asheville city,35.57097,-82.55272,2061.0
Beaufort town,34.72271,-76.65117,0.4
Bryson City town,35.42661,-83.44727,1734.4
Burlington city,36.07613,-79.4683,674.7
Clayton town,35.65814,-78.44601,274.1
Coats town,35.40639,-78.66952,300.6
Conover city,35.71522,-81.21683,1036.8
Greenville city,35.59643,-77.37526,28.4
High Point city,35.9908,-79.99271,878.7
Hillsborough town,36.0779,-79.09798,553.1
Indian Trail town,35.06864,-80.65115,645.0
Jamestown town,35.99844,-79.9346,820.2
Kannapolis city,35.4799,-80.6475,712.6
Knightdale town,35.79173,-78.49646,258.1
Matthews town,35.11979,-80.70969,738.5
Mooresville town,35.58372,-80.82775,848.0
Mount Holly city,35.3144,-81.00661,622.4
Norlina town,36.44499,-78.19502,437.1
Pittsboro town,35.72777,-79.16892,463.2
Raeford city,34.9813,-79.22957,257.9
Reidsville city,36.3413,-79.67383,764.1
Rutherfordton town,35.36407,-81.96134,916.9
Shelby city,35.2904,-81.54564,872.5
Stanley town,35.35469,-81.09182,842.0
Statesville city,35.78549,-80.87296,819.4
Waco town,35.36265,-81.42933,932.1
Wilmington city,34.20923,-77.88577,43.3
Winston-Salem city,36.10286,-80.26083,794.1
Edmore city,48.41244,-98.45364,1525.3
Fairdale city,48.49004,-98.23122,1618.7
Langdon city,48.76221,-98.37526,1608.9
Stanley city,48.31378,-102.39732,2248.8
West Fargo city,46.85638,-96.90481,904.5
Alliance city,42.10257,-102.87619,3969.7
Bellevue city,41.1633,-95.90327,1184.1
Bridgeport city,41.66471,-103.09714,3665.7
Eustis village,40.66453,-100.02955,2642.9
Geneva city,40.53069,-97.59713,1636.7
Gordon city,42.80638,-102.204,3555.4
Hooper city,41.61144,-96.54925,1226.2
Lexington city,40.77732,-99.74662,2392.6
Nebraska City city,40.67591,-95.86163,1043.6
Ord city,41.60278,-98.91926,2016.0
Papillion city,41.14338,-96.07809,1157.4
Shelby village,41.19425,-97.42627,1645.8
Sidney city,41.13363,-102.96954,4089.9
Springfield city,41.10725,-96.14854,1142.5
Claremont city,43.38647,-72.3345,743.2
Durham CDP,43.14275,-70.925,65.5
Hanover CDP,43.71159,-72.27314,473.6
Keene city,42.95384,-72.30688,484.0
Lebanon city,43.63543,-72.25384,606.6
Manchester city,42.98494,-71.44413,254.9
Newmarket CDP,43.07569,-70.94071,41.0
Atlantic Highlands borough,40.41177,-74.01984,104.1
Avenel CDP,40.58433,-74.27163,40.8
Basking Ridge CDP,40.70655,-74.55763,355.8
Belle Mead CDP,40.46858,-74.65702,101.3
Bridgewater Center CDP,40.60274,-74.6461,175.3
Brielle borough,40.10548,-74.06368,5.7
Caldwell borough,40.83924,-74.27703,398.9
Camden city,39.93679,-75.10664,18.6
Chatham borough,40.74069,-74.38448,238.3
Clayton borough,39.66406,-75.0744,121.5
Cranford CDP,40.65437,-74.30863,76.4
Dunellen borough,40.59029,-74.46565,54.6
East Orange city,40.76505,-74.21165,183.3
Englewood city,40.8912,-73.97252,75.4
Fair Lawn borough,40.93583,-74.1175,68.5
Flemington borough,40.50864,-74.85987,186.5
Florence CDP,40.11916,-74.80877,24.2
Fort Lee borough,40.85064,-73.97101,288.9
Franklin Lakes borough,41.00753,-74.20565,526.7
Freehold borough,40.26022,-74.27588,177.9
Garfield city,40.8798,-74.10825,97.4
Hackettstown town,40.8537,-74.82488,539.2
Haddonfield borough,39.89542,-75.03441,74.0
Haledon borough,40.93699,-74.18887,240.0
Highland Park borough,40.50079,-74.42791,79.1
Hillsborough CDP,40.50807,-74.65288,108.9
Kenilworth borough,40.67809,-74.28811,103.8
Linwood city,39.34372,-74.57105,30.1
Marlboro CDP,39.48708,-75.32458,76.3
Martinsville CDP,40.60295,-74.57579,242.6
Matawan borough,40.41104,-74.23653,61.6
Medford Lakes borough,39.85365,-74.81167,76.3
Montclair State University CDP,40.86592,-74.19836,364.1
Moorestown-Lenola CDP,39.96612,-74.96156,54.0
New Vernon CDP,40.73889,-74.48046,380.8
Ocean City city,39.26952,-74.5998,6.5
Old Bridge CDP,40.39537,-74.33119,43.1
Oradell borough,40.95665,-74.03286,71.8
Parsippany CDP,40.86406,-74.41237,287.6
Passaic city,40.85755,-74.12909,102.9
Pennington borough,40.32492,-74.78878,199.9
Plainsboro Center CDP,40.33127,-74.59159,82.7
Ringwood borough,41.10396,-74.27114,300.4
Riverdale borough,40.99589,-74.31453,313.1
Roseland borough,40.82174,-74.31015,250.8
Sewell CDP,39.7692,-75.1447,70.9
Sicklerville CDP,39.74251,-74.99023,162.3
Stockton borough,40.40585,-74.97063,190.9
Summit city,40.71562,-74.36468,374.0
Tenafly borough,40.91831,-73.95052,275.4
Thorofare CDP,39.85473,-75.19868,24.7
Trenton city,40.22384,-74.76362,52.8
Upper Montclair CDP,40.84258,-74.2013,334.1
Whippany CDP,40.82328,-74.41869,204.4
Deming city,32.26308,-107.75249,4326.8
Farmington city,36.75383,-108.18053,5452.1
Hobbs city,32.72909,-103.16083,3642.2
Los Alamos CDP,35.89396,-106.29002,7322.2
Rio Rancho city,35.28507,-106.69887,5503.6
Battle Mountain CDP,40.62837,-116.94855,4519.3
Boulder City city,35.84376,-114.91155,1926.9
Incline Village CDP,39.26575,-119.94625,6823.0
Sparks city,39.57434,-119.71515,4539.3
Allegany village,42.09065,-78.48963,1478.3
Altona CDP,44.8901,-73.65957,646.7
Amityville village,40.66984,-73.41579,14.0
Barneveld CDP,43.2745,-75.18769,769.3
Bedford CDP,41.18686,-73.65738,357.3
Brewster village,41.39616,-73.61627,477.5
Brockport village,43.2133,-77.94082,511.9
Bronxville village,40.93949,-73.82644,129.2
Cadyville CDP,44.6985,-73.65344,802.6
Camillus village,43.03866,-76.30993,421.6
Canton village,44.59999,-75.16658,392.9
Cazenovia village,42.92792,-75.85132,1184.3
Central Islip CDP,40.78359,-73.19447,61.6
Chappaqua CDP,41.15592,-73.76827,498.4
Cheektowaga CDP,42.909,-78.75076,655.5
Cohoes city,42.77287,-73.70776,228.7
Commack CDP,40.84345,-73.28334,144.1
Cornwall-on-Hudson village,41.43352,-74.01515,364.9
Duanesburg CDP,42.76342,-74.13313,692.0
East Aurora village,42.76684,-78.61704,921.4
East Moriches CDP,40.80877,-72.7566,19.6
East Northport CDP,40.87913,-73.32324,230.1
East Rockaway village,40.6438,-73.66713,6.8
East Syracuse village,43.06382,-76.06979,428.8
Eastport CDP,40.83508,-72.73505,33.3
Elmira city,42.09339,-76.80961,860.9
Elmont CDP,40.69918,-73.70617,63.8
Endicott village,42.09749,-76.06338,829.3
Fair Haven village,43.32317,-76.70468,317.0
Fayetteville village,43.03079,-75.99836,553.5
Franklin Square CDP,40.70019,-73.67748,57.7
Fredonia village,42.44066,-79.3319,724.9
Garden City village,40.72576,-73.6454,83.2
Gouverneur village,44.33657,-75.46604,426.7
Great Neck village,40.80237,-73.7331,74.0
Holbrook CDP,40.79437,-73.07002,79.3
Hopewell Junction CDP,41.58019,-73.81164,251.1
Inwood CDP,40.62135,-73.75699,4.9
Islip Terrace CDP,40.75027,-73.18689,30.8
Ithaca city,42.44394,-76.50306,392.1
Jamestown city,42.0976,-79.23614,1387.0
Lancaster village,42.9006,-78.66877,672.1
Larchmont village,40.92596,-73.75196,60.1
Long Beach city,40.58584,-73.6654,10.0
Manlius village,43.00144,-75.98223,570.4
Massapequa CDP,40.6683,-73.47151,10.6
Massena village,44.92902,-74.89297,216.9
Middletown city,41.44492,-74.42357,532.6
Mount Vernon city,40.91311,-73.82932,132.6
Mount Vernon city,40.91311,-73.82932,132.6
Naples village,42.61743,-77.40213,791.7
Nesconset CDP,40.84685,-73.15201,117.6
New Hartford village,43.07104,-75.28862,557.4
New Hyde Park village,40.73227,-73.68586,99.5
Newfane CDP,43.28568,-78.69394,349.2
Niskayuna CDP,42.8049,-73.88743,449.6
North Bellmore CDP,40.69035,-73.53902,44.4
North Massapequa CDP,40.70301,-73.46912,53.4
North Syracuse village,43.13387,-76.13039,419.4
Old Forge CDP,43.7064,-74.96912,1858.9
Orchard Park village,42.7622,-78.74137,882.4
Pelham village,40.91108,-73.8077,77.2
Plattsburgh city,44.69203,-73.45828,159.8
Port Chester village,41.0047,-73.66718,59.8
Port Jefferson village,40.94218,-73.0528,230.6
Port Jefferson Station CDP,40.92594,-73.06519,184.5
Port Washington CDP,40.82745,-73.68001,152.3
Portville village,42.03671,-78.33726,1428.7
Remsen village,43.32822,-75.18699,1182.5
Roosevelt CDP,40.67942,-73.58337,41.8
West Sand Lake CDP,42.63817,-73.59538,559.4
Scarsdale village,40.99361,-73.7772,303.4
Sleepy Hollow village,41.09751,-73.86964,12.7
Smithtown CDP,40.85748,-73.21667,52.8
Southampton village,40.87662,-72.40309,23.5
Uniondale CDP,40.71759,-73.59466,76.4
Valley Stream village,40.66475,-73.7049,11.1
Watkins Glen village,42.38055,-76.86699,455.3
West Seneca CDP,42.83778,-78.75123,642.0
Westbury village,40.75988,-73.58919,113.9
White Plains city,41.0238,-73.75105,266.4
Whitehall village,43.54601,-73.43378,922.5
Whitesboro village,43.12398,-75.29669,428.7
Whitney Point village,42.33057,-75.97162,949.8
Williamsville village,42.95825,-78.73952,675.9
Williston Park village,40.75876,-73.64659,118.1
Yonkers city,40.94586,-73.86745,323.2
Yorktown Heights CDP,41.27059,-73.77471,426.8
Amelia CDP,39.02686,-84.21806,875.1
Athens city,39.32629,-82.10019,723.9
Attica village,41.06368,-82.88711,952.2
Barberton city,41.0069,-81.60439,963.4
Bay Village city,41.48777,-81.92889,623.5
Bellbrook city,39.6384,-84.08541,898.2
Bexley city,39.96536,-82.93448,792.3
Bluffton village,40.89205,-83.88779,817.4
Broadview Heights city,41.31816,-81.67926,1179.0
Brooklyn Heights village,41.41989,-81.66531,727.1
Canfield city,41.02958,-80.76998,1108.4
Castalia village,41.40424,-82.80163,630.5
Celina city,40.55549,-84.56142,887.5
Chardon city,41.57929,-81.20906,1220.9
Cleveland Heights city,41.51107,-81.56177,930.9
Dover city,40.53005,-81.48103,910.3
Dresden village,40.12223,-82.01345,735.3
East Palestine village,40.83907,-80.54661,1041.1
Fairview Park city,41.44199,-81.85295,741.7
Hamilton city,39.39343,-84.56575,590.2
Hilliard city,40.03472,-83.15779,932.7
Hubbard city,41.15812,-80.56465,959.8
Hudson city,41.23921,-81.44161,1062.5
Huron city,41.39763,-82.56257,589.9
Ironton city,38.5326,-82.67809,555.8
Jamestown village,39.6572,-83.75382,1057.0
Lakewood city,41.48326,-81.80114,695.1
Middletown city,39.50295,-84.36489,738.1
Milford Center village,40.17931,-83.43854,995.4
Millbury village,41.56473,-83.42552,614.3
New Paris village,39.85668,-84.79192,1041.8
Oberlin city,41.28606,-82.21957,812.9
Olmsted Falls city,41.36575,-81.90379,777.0
Ontario city,40.7682,-82.61477,1363.1
Orange village,41.44262,-81.47172,1196.0
Parma city,41.38357,-81.72864,943.2
Perrysburg city,41.53899,-83.64413,639.1
Pickerington city,39.88754,-82.76414,839.9
Poland village,41.0229,-80.61539,1040.8
Ravenna city,41.16157,-81.24206,1110.3
South Euclid city,41.52396,-81.52448,956.4
Strongsville city,41.31296,-81.83169,931.0
Sunbury village,40.24941,-82.8802,946.5
Tiffin city,41.11491,-83.18047,723.1
Trenton city,39.47881,-84.46637,661.4
University Heights city,41.49479,-81.5349,1043.8
Wadsworth city,41.02744,-81.7322,1168.6
Warren city,41.23956,-80.81601,892.0
Westlake city,41.44953,-81.93016,718.5
Wilmington city,39.42912,-83.81617,1044.7
Wooster city,40.81703,-81.93153,1141.8
Youngstown city,41.09909,-80.6459,856.0
Zanesfield village,40.3386,-83.67789,1174.6
Ardmore city,34.19651,-97.13185,881.0
Claremore city,36.31463,-95.60832,612.2
Moore city,35.3285,-97.47476,1205.8
Newcastle city,35.2424,-97.59534,1194.9
Sand Springs city,36.13648,-96.13197,652.3
Skiatook city,36.34654,-95.94536,701.5
Stillwater city,36.1315,-97.07446,951.4
Stroud city,35.76888,-96.65007,862.6
Warner town,35.49169,-95.30894,565.5
Ashland city,42.19222,-122.69825,1929.2
Aurora city,45.22832,-122.75723,166.4
Boring CDP,45.43127,-122.3725,511.1
Canby city,45.26509,-122.68839,147.0
Corvallis city,44.56995,-123.27828,252.7
Happy Valley city,45.43603,-122.51013,689.9
Hood River city,45.70911,-121.52602,281.8
Klamath Falls city,42.21885,-121.77872,4091.8
Lake Oswego city,45.41355,-122.70001,209.6
Milwaukie city,45.44483,-122.62085,174.9
Newberg city,45.30724,-122.96018,213.7
Ontario city,44.02505,-116.97877,2175.3
Salem city,44.9239,-123.02301,177.1
Springfield city,44.05378,-122.98111,474.4
Alburtis borough,40.50663,-75.60023,534.2
Aliquippa city,40.61583,-80.25516,914.6
Ardmore CDP,40.00324,-75.29474,312.7
Audubon CDP,40.13034,-75.42802,182.7
Benton borough,41.19569,-76.38425,763.2
Berwick borough,41.05499,-76.25101,538.0
Berwyn CDP,40.03879,-75.44209,455.0
Bethlehem city,40.62642,-75.3679,346.0
Blandon CDP,40.44515,-75.87945,360.2
Blue Bell CDP,40.14735,-75.26868,365.1
Bryn Mawr CDP,40.02082,-75.31617,416.3
Carlisle borough,40.19999,-77.20415,479.2
Carmichaels borough,39.8976,-79.97499,1006.3
Carnegie borough,40.40799,-80.08604,771.3
Chadds Ford CDP,39.87595,-75.60822,299.5
Chambersburg borough,39.93143,-77.65564,639.5
Coopersburg borough,40.51037,-75.39192,495.5
Coraopolis borough,40.51462,-80.16182,783.6
Darby borough,39.92095,-75.26108,80.5
Dauphin borough,40.36828,-76.93022,423.7
Donora borough,40.17953,-79.86241,968.3
Douglassville CDP,40.2599,-75.72423,176.0
Eagleville CDP,41.05599,-77.58532,690.0
Elizabethtown borough,40.15328,-76.59865,459.9
Elverson borough,40.15372,-75.83083,731.9
Emmaus borough,40.53519,-75.49788,427.8
Fort Washington CDP,40.14076,-75.19258,195.8
Gibsonia CDP,40.63223,-79.96835,1086.7
Gilbertsville CDP,40.32304,-75.60863,322.9
Glen Rock borough,39.7935,-76.7307,553.0
Glenside CDP,40.10325,-75.15188,276.1
Green Lane borough,40.33665,-75.47175,229.8
Greencastle borough,39.79067,-77.72667,588.6
Hamburg borough,40.55622,-75.98236,401.0
Hatfield borough,40.2771,-75.29887,333.5
Haverford College CDP,40.00926,-75.30738,376.9
Hollidaysburg borough,40.4311,-78.39296,1013.0
Hopewell borough,40.13516,-78.26568,1016.6
Irwin borough,40.32506,-79.69976,1007.0
Johnstown city,40.32613,-78.91914,1166.0
Kennett Square borough,39.84384,-75.7113,337.3
Kingston borough,41.26475,-75.88657,542.1
Kittanning borough,40.8287,-79.51869,951.5
Kutztown borough,40.52131,-75.77729,401.2
Larksville borough,41.26401,-75.9309,821.0
Latrobe borough,40.31243,-79.3826,988.0
Lebanon city,40.34119,-76.42274,456.8
Lewisburg borough,40.96413,-76.88996,452.0
Lewistown borough,40.59723,-77.57152,482.4
Lincoln University CDP,39.80647,-75.92791,511.1
Meadville city,41.64788,-80.14744,1213.3
Mechanicsburg borough,40.2114,-77.00593,445.1
Mohnton borough,40.28746,-75.9869,563.9
Moosic borough,41.35604,-75.7047,780.1
Myerstown borough,40.37214,-76.30558,469.5
New Kensington city,40.57248,-79.75305,941.4
Newtown borough,40.22834,-74.93229,168.7
Northampton borough,40.68824,-75.48745,387.4
Oley CDP,40.38982,-75.78721,420.6
Oxford borough,39.78556,-75.97965,562.2
Parkesburg borough,39.96005,-75.91616,532.3
Pennsburg borough,40.39359,-75.49641,359.4
Pottstown borough,40.25092,-75.64475,184.1
Robesonia borough,40.34862,-76.13856,445.1
Saylorsburg CDP,40.89904,-75.31675,667.1
Seven Fields borough,40.68673,-80.0639,1125.7
Shavertown CDP,41.31876,-75.94044,1003.6
Sinking Spring borough,40.32469,-76.02253,327.9
Souderton borough,40.311,-75.32235,420.2
Spring Grove borough,39.88085,-76.86401,501.4
Thompsontown borough,40.5658,-77.23613,444.9
Uniontown city,39.8993,-79.72453,978.1
Villanova CDP,40.04053,-75.34101,464.9
West Chester borough,39.95988,-75.60542,460.0
West Grove borough,39.82019,-75.82852,431.3
Cranston city,41.76973,-71.48505,196.9
Hope Valley CDP,41.51405,-71.72056,129.7
Providence city,41.82306,-71.41878,41.5
Clemson city,34.68356,-82.81058,787.2
Dillon city,34.42447,-79.36759,118.6
Fort Mill town,35.006,-80.94,633.4
Greenwood city,34.19541,-82.15367,628.0
Hemingway town,33.75332,-79.44626,54.2
Hilton Head Island town,32.19031,-80.73843,3.5
Lake Wylie CDP,35.09854,-81.0722,599.2
Little Mountain town,34.1969,-81.41237,615.0
Vance town,33.4364,-80.4202,126.2
Madison city,44.00622,-97.10848,1671.6
Pine Ridge CDP,43.02692,-102.55235,3239.2
Rapid City city,44.07107,-103.21792,3390.3
Sturgis city,44.412,-103.50061,3435.2
Arlington town,35.25252,-89.66115,372.6
Bristol city,36.55855,-82.217,1588.5
Cleveland city,35.18004,-84.87129,822.3
Germantown city,35.08196,-89.78258,335.4
Kingsport city,36.51937,-82.54339,1180.9
La Vergne city,36.02224,-86.55938,613.6
Paris city,36.29274,-88.30806,443.5
Aledo city,32.69739,-97.60687,868.2
Allen city,33.10974,-96.67303,654.8
Alvin city,29.42477,-95.22443,41.5
Athens city,32.2026,-95.8308,477.6
Azle city,32.89555,-97.53923,717.2
Beaumont city,30.08491,-94.14533,19.2
Boerne city,29.78494,-98.72795,1433.3
Brownsville city,25.99569,-97.45085,11.6
Caldwell city,30.53127,-96.69889,380.3
Carrollton city,32.98939,-96.89994,481.9
Cedar Hill city,32.58433,-96.9589,810.7
Cedar Park city,30.51018,-97.81863,941.5
Clarksville city,33.61096,-95.05632,438.3
College Station city,30.58516,-96.29636,289.4
Converse city,29.51249,-98.30463,670.9
Copperas Cove city,31.11958,-97.9144,1121.6
Corsicana city,32.0824,-96.4667,423.4
Denver City town,32.96787,-102.83222,3581.4
Douglassville town,33.19165,-94.35194,381.0
Dublin city,32.08776,-98.33886,1491.4
El Lago city,29.57146,-95.04525,11.8
Ennis city,32.32507,-96.6338,534.7
Euless city,32.84937,-97.07859,576.7
Flower Mound town,33.03789,-97.11338,626.2
Gail CDP,32.76731,-101.45583,2623.6
Garland city,32.90983,-96.63033,527.5
Glenn Heights city,32.5513,-96.85439,686.8
Gonzales city,29.51255,-97.4472,323.9
Granbury city,32.43281,-97.77515,709.7
Grapevine city,32.93497,-97.07591,637.3
Greenville city,33.11194,-96.11026,566.5
Hallettsville city,29.4431,-96.94355,219.6
Highland Village city,33.08975,-97.0615,554.0
Idalou city,33.6624,-101.6837,3189.5
Kemah city,29.52865,-95.02004,20.6
Kerrville city,30.0377,-99.13242,1617.6
League City city,29.49006,-95.10909,20.7
Lexington town,30.41429,-97.00994,459.3
Liberty Hill city,30.66338,-97.90551,1015.6
Lovelady city,31.12817,-95.44588,295.6
Magnolia city,30.21303,-95.7426,267.0
Marshall city,32.53916,-94.35317,332.4
McAllen city,26.22497,-98.24608,120.1
Mineral Wells city,32.82348,-98.0788,948.8
Mission city,26.20406,-98.32522,115.0
Montgomery city,30.39315,-95.69415,300.9
Odem city,27.94624,-97.58752,76.2
Parker city,33.06306,-96.62524,614.2
Perryton city,36.39287,-100.79766,2926.4
Prosper town,33.24133,-96.81239,633.2
Red Oak city,32.50955,-96.78398,587.3
Rockwall city,32.91806,-96.43805,553.3
Round Rock city,30.52677,-97.66008,732.8
Rowlett city,32.91593,-96.54859,459.0
Sachse city,32.96901,-96.57952,505.0
San Benito city,26.1294,-97.64405,38.5
Splendora city,30.22839,-95.16235,125.4
Taylor city,30.57203,-97.43038,581.3
Terrell city,32.73535,-96.28644,528.8
Texarkana city,33.45114,-94.09009,346.3
Trophy Club town,32.99252,-97.17296,613.5
Victoria city,28.82853,-96.98601,99.2
Westlake town,32.98546,-97.20379,624.9
Wichita Falls city,33.90665,-98.52585,988.4
Clearfield city,41.09701,-112.01792,4441.5
Cottonwood Heights city,40.61368,-111.81455,4818.8
Eagle Mountain city,40.31432,-112.01171,4882.7
Eden CDP,41.30616,-111.80378,4952.9
Heber city,40.54174,-111.38744,6388.5
Kaysville city,41.02934,-111.94507,4298.7
Kearns metro township,40.65194,-112.00939,4680.3
Layton city,41.07742,-111.96073,4462.9
Logan city,41.74026,-111.84176,4509.6
Midway city,40.5202,-111.47551,5656.5
Murray city,40.65065,-111.88657,4336.0
Ogden city,41.22839,-111.96815,4342.5
Panguitch city,37.82277,-112.43414,6621.0
Sandy city,40.57171,-111.84987,4785.6
South Jordan city,40.55691,-111.97858,4666.9
Springville city,40.16427,-111.61952,4556.0
Sundance CDP,40.39272,-111.59088,6611.5
Syracuse city,41.08585,-112.06874,4271.8
West Jordan city,40.60267,-112.00126,4668.2
Woodland CDP,40.5838,-111.23576,6747.8
Appomattox town,37.35874,-78.82645,860.8
Boydton town,36.66606,-78.39073,346.9
Chester CDP,37.35204,-77.4337,177.9
Crozet CDP,38.06492,-78.69696,673.4
Dumfries town,38.56735,-77.32242,17.5
Glen Allen CDP,37.66587,-77.48435,200.8
Gordonsville town,38.13555,-78.18741,476.0
Hopewell city,37.29101,-77.29894,42.8
King George CDP,38.27944,-77.18431,135.9
Lake Monticello CDP,37.91981,-78.33188,359.7
Lorton CDP,38.69872,-77.21665,101.1
Lynchburg city,37.39902,-79.19546,639.6
Middleburg town,38.97035,-77.74064,486.8
Newport News city,37.07614,-76.52198,21.7
Nokesville CDP,38.69299,-77.57644,266.0
Portsmouth city,36.85934,-76.35697,12.1
Powhatan CDP,37.54212,-77.92708,318.2
Purcellville town,39.1375,-77.71139,557.8
Ruckersville CDP,38.22805,-78.37748,564.9
Rustburg CDP,37.27219,-79.1001,860.4
South Riding CDP,38.91166,-77.51328,278.9
Stafford Courthouse CDP,38.41492,-77.4157,175.2
Sterling CDP,39.00473,-77.40537,336.0
Williamsburg city,37.26948,-76.70819,91.0
Yorktown CDP,37.23401,-76.5182,45.2
East Montpelier CDP,44.26732,-72.49124,683.5
Hinesburg CDP,44.33315,-73.10921,343.3
Jericho village,44.50268,-72.99029,608.8
Killington Village CDP,43.65055,-72.77842,1861.9
Manchester Center CDP,43.1884,-73.03518,994.1
Milton CDP,44.63038,-73.12244,290.8
Montpelier city,44.26645,-72.57152,531.2
South Shaftsbury CDP,42.9406,-73.19463,974.1
Shelburne CDP,44.39045,-73.21799,182.1
South Burlington city,44.43647,-73.18262,382.5
Stowe CDP,44.46724,-72.68377,695.5
Waitsfield CDP,44.18335,-72.83451,744.2
Woodstock village,43.62344,-72.513,908.2
Acme CDP,48.71643,-122.20996,332.5
Arlington city,48.17037,-122.14455,146.7
Battle Ground city,45.77683,-122.54097,285.3
Bonney Lake city,47.1995,-122.16303,542.0
Bremerton city,47.53988,-122.71705,354.1
Burlington city,48.46636,-122.32888,40.1
Cashmere city,47.51805,-120.46704,846.0
Cheney city,47.49113,-117.58155,2425.3
Cle Elum city,47.19464,-120.95284,2015.1
College Place city,46.04158,-118.38941,782.1
DuPont city,47.10735,-122.64758,218.3
Edmonds city,47.8136,-122.35333,374.2
Enumclaw city,47.20218,-121.98898,745.3
Ferndale city,48.85263,-122.58862,44.3
Lakewood city,47.16409,-122.52811,246.8
Maple Valley city,47.36715,-122.03481,530.3
Mead CDP,47.77953,-117.34994,1783.3
Monroe city,47.85979,-121.98401,56.2
Moses Lake city,47.12785,-119.27638,1060.3
Olympia city,47.0406,-122.895,31.8
Port Orchard city,47.53844,-122.63243,137.8
Pullman city,46.73313,-117.16828,2513.9
Puyallup city,47.17905,-122.29152,98.2
Quincy city,47.2349,-119.8525,1303.7
Snohomish city,47.92887,-122.09268,147.6
Tekoa city,47.22473,-117.07306,2520.3
Trout Lake CDP,45.99777,-121.52884,1898.3
Walla Walla city,46.06701,-118.33703,963.2
Wapato city,46.44363,-120.42151,852.5
Amery city,45.30459,-92.36336,1067.7
Barron city,45.40219,-91.84435,1110.4
Beaver Dam city,43.46811,-88.8309,917.8
Belleville village,42.86402,-89.53962,858.9
Big Bend village,42.8839,-88.2036,824.0
Burlington city,42.67525,-88.27187,761.8
Cedar Grove village,43.56825,-87.82297,698.9
Cedarburg city,43.29992,-87.98844,791.6
Coleman village,45.067,-88.03566,711.3
Columbus city,43.3368,-89.02999,869.6
Cottage Grove village,43.09222,-89.20534,910.1
Dane village,43.2461,-89.49958,1071.7
Darlington city,42.67656,-90.12006,825.6
Deerfield village,43.04918,-89.07615,869.3
Dousman village,43.00938,-88.47557,866.6
Edgerton city,42.83895,-89.06957,813.5
Elkhorn city,42.6716,-88.53626,1020.3
Endeavor village,43.71439,-89.46917,820.5
Evansville city,42.77807,-89.29598,894.8
Florence CDP,45.92786,-88.23524,1297.5
Franklin city,42.88388,-88.01155,746.8
Germantown village,43.23453,-88.125,849.0
Green Bay city,44.52154,-87.98657,581.8
Janesville city,42.6847,-89.01317,840.6
Kaukauna city,44.27679,-88.26386,629.4
Kewaskum village,43.51765,-88.23061,936.5
Lac du Flambeau CDP,45.96228,-89.89687,1587.6
Menomonee Falls village,43.15941,-88.12155,841.3
Mequon city,43.21136,-88.01424,760.2
Milton city,42.77468,-88.93999,874.9
Minocqua CDP,45.87921,-89.70362,1590.4
Monona city,43.05387,-89.33351,901.6
Nashotah village,43.08881,-88.40796,950.6
Neenah city,44.16492,-88.47963,749.3
Oconomowoc city,43.10043,-88.49269,874.7
Ogema CDP,45.45661,-90.30028,1555.5
Omro city,44.03897,-88.73699,761.6
Oregon village,42.92521,-89.38911,957.1
Pardeeville village,43.53727,-89.30265,795.6
Pewaukee city,43.06614,-88.24447,852.0
Plover village,44.46202,-89.53797,1077.4
Pulaski village,44.66821,-88.23428,801.4
Racine city,42.72557,-87.81422,645.0
Rice Lake city,45.48199,-91.74576,1129.9
Rio village,43.45216,-89.24159,927.3
River Falls city,44.8604,-92.62529,888.4
St. Croix Falls city,45.41137,-92.62469,1048.9
Suamico village,44.62673,-88.03305,590.0
Sun Prairie city,43.18262,-89.23782,983.7
Superior city,46.69212,-92.08036,661.5
Tomah city,43.98801,-90.50138,954.7
Tomahawk city,45.47896,-89.71177,1448.3
Waterford village,42.7644,-88.21667,782.2
Waukesha city,43.00908,-88.24506,899.8
Waunakee village,43.18286,-89.44529,900.1
Wauwatosa city,43.06316,-88.03558,672.1
West Allis city,43.00719,-88.02899,780.9
Whitefish Bay village,43.11314,-87.90048,647.1
Elkins city,38.92381,-79.85404,1900.1
Fairmont city,39.47688,-80.14909,1003.5
Fayetteville town,38.06408,-81.10865,1661.9
Milton town,38.43801,-82.14599,681.5
Casper city,42.84212,-106.32128,5152.8
Jackson town,43.47194,-110.77527,6171.6
